bande_src,bande_dst,detecteur,delta_t
B01,B02,D01,-2.33038934769866
B01,B02,D02,2.32810729250195
B01,B02,D03,-2.30043570019916
B01,B02,D04,2.30358724419784
B01,B02,D05,-2.28305548529897
B01,B02,D06,2.29169763389655
B01,B02,D07,-2.27951143789687
B01,B02,D08,2.29377668959933
B01,B02,D09,-2.28826682690124
B01,B02,D10,2.30940978039871
B01,B02,D11,-2.30870874319953
B01,B02,D12,2.33990062459634
B01,B03,D01,-1.80486766719696
B01,B03,D02,1.80374115189625
B01,B03,D03,-1.78116712750489
B01,B03,D04,1.78512014720036
B01,B03,D05,-1.76829010749498
B01,B03,D06,1.7759812239965
B01,B03,D07,-1.76646958049969
B01,B03,D08,1.77754890289361
B01,B03,D09,-1.77169450240035
B01,B03,D10,1.78962085549574
B01,B03,D11,-1.78876001189929
B01,B03,D12,1.81270521959959
B01,B04,D01,-1.32287922709656
B01,B04,D02,1.31892224309559
B01,B04,D03,-1.30581610000081
B01,B04,D04,1.3049365830957
B01,B04,D05,-1.2956414575965
B01,B04,D06,1.29805081209634
B01,B04,D07,-1.2946784996966
B01,B04,D08,1.29943831919809
B01,B04,D09,-1.29901444410643
B01,B04,D10,1.30808901749697
B01,B04,D11,-1.30989917529951
B01,B04,D12,1.32612781949865
B01,B05,D01,-1.05899402019713
B01,B05,D02,1.05616589679994
B01,B05,D03,-1.04518090570491
B01,B05,D04,1.04503221179766
B01,B05,D05,-1.03682152639522
B01,B05,D06,1.0391343375959
B01,B05,D07,-1.03612390809576
B01,B05,D08,1.0405806560957
B01,B05,D09,-1.03967312230088
B01,B05,D10,1.04714143859746
B01,B05,D11,-1.049226455194
B01,B05,D12,1.06262375020015
B01,B06,D01,-0.798194790899288
B01,B06,D02,0.790060805098619
B01,B06,D03,-0.787794581403432
B01,B06,D04,0.781175489995803
B01,B06,D05,-0.780925402999856
B01,B06,D06,0.777660731095239
B01,B06,D07,-0.781613528997696
B01,B06,D08,0.778665997699136
B01,B06,D09,-0.784417369206494
B01,B06,D10,0.783722179701726
B01,B06,D11,-0.79100169549929
B01,B06,D12,0.793360714298615
B01,B07,D01,-0.534209316196211
B01,B07,D02,0.526277084798494
B01,B07,D03,-0.527988511305011
B01,B07,D04,0.519977649200882
B01,B07,D05,-0.523124416096834
B01,B07,D06,0.517175802699057
B01,B07,D07,-0.522941385796003
B01,B07,D08,0.518239442099002
B01,B07,D09,-0.525254441403376
B01,B07,D10,0.52137152459909
B01,B07,D11,-0.529610176796268
B01,B07,D12,0.529000173599343
B01,B08,D01,-2.06777400179999
B01,B08,D02,2.06641643779585
B01,B08,D03,-2.04117798480001
B01,B08,D04,2.04465637479734
B01,B08,D05,-2.02587026429683
B01,B08,D06,2.03457424269436
B01,B08,D07,-2.02297816409555
B01,B08,D08,2.03626642009476
B01,B08,D09,-2.03009531150019
B01,B08,D10,2.05012858259579
B01,B08,D11,-2.04907973769878
B01,B08,D12,2.07667444129765
B01,B8A,D01,-0.274326144797669
B01,B8A,D02,0.259787111099286
B01,B8A,D03,-0.271086719403684
B01,B8A,D04,0.256118712801253
B01,B8A,D05,-0.268173652097175
B01,B8A,D06,0.254926191897539
B01,B8A,D07,-0.268896816996858
B01,B8A,D08,0.254982619197108
B01,B8A,D09,-0.270472207004787
B01,B8A,D10,0.256320788001176
B01,B8A,D11,-0.272157898696605
B01,B8A,D12,0.260614221202559
B01,B09,D01,0.266513969603693
B01,B09,D02,-0.273346996298642
B01,B09,D03,0.262713013398752
B01,B09,D04,-0.270309067600465
B01,B09,D05,0.261241377404076
B01,B09,D06,-0.269807421405858
B01,B09,D07,0.260593618302664
B01,B09,D08,-0.268865270605602
B01,B09,D09,0.262997948993871
B01,B09,D10,-0.27187112030515
B01,B09,D11,0.264555501002178
B01,B09,D12,-0.274461866400088
B01,B10,D01,-1.45319231949543
B01,B10,D02,1.47092919520219
B01,B10,D03,-1.43193915160373
B01,B10,D04,1.45389974759746
B01,B10,D05,-1.41983542959497
B01,B10,D06,1.44983164969744
B01,B10,D07,-1.419590732301
B01,B10,D08,1.45264176079945
B01,B10,D09,-1.42058980000002
B01,B10,D10,1.46241301469854
B01,B10,D11,-1.43685833339987
B01,B10,D12,1.48631847910292
B01,B11,D01,-0.828473903500708
B01,B11,D02,0.839730372201302
B01,B11,D03,-0.816260327999771
B01,B11,D04,0.82914232499752
B01,B11,D05,-0.808321801800048
B01,B11,D06,0.828985158994328
B01,B11,D07,-0.808817336794164
B01,B11,D08,0.829758123392821
B01,B11,D09,-0.808144032700511
B01,B11,D10,0.835247045099095
B01,B11,D11,-0.817119043997081
B01,B11,D12,0.848074890396674
B01,B12,D01,-0.205168804997811
B01,B12,D02,0.20795743670169
B01,B12,D03,-0.200519996004004
B01,B12,D04,0.204626559898315
B01,B12,D05,-0.196589353297895
B01,B12,D06,0.2072010562988
B01,B12,D07,-0.198573585199483
B01,B12,D08,0.207319876695692
B01,B12,D09,-0.195650881702022
B01,B12,D10,0.208407892700052
B01,B12,D11,-0.198850337896147
B01,B12,D12,0.213427315698937
B02,B01,D01,2.33054091579834
B02,B01,D02,-2.32811886100535
B02,B01,D03,2.30055191730207
B02,B01,D04,-2.30369733370026
B02,B01,D05,2.2831619537028
B02,B01,D06,-2.29185609059641
B02,B01,D07,2.27962427870079
B02,B01,D08,-2.29394025100191
B02,B01,D09,2.28840661450522
B02,B01,D10,-2.30953201309603
B02,B01,D11,2.308896309798
B02,B01,D12,-2.3399235541001
B02,B03,D01,0.525558654699125
B02,B03,D02,-0.524366331999772
B02,B03,D03,0.519297720304166
B02,B03,D04,-0.518489498499548
B02,B03,D05,0.514792474699789
B02,B03,D06,-0.515749157493701
B02,B03,D07,0.513070423505269
B02,B03,D08,-0.516261499404209
B02,B03,D09,0.516607214900432
B02,B03,D10,-0.519813007798803
B02,B03,D11,0.5199949989983
B02,B03,D12,-0.527196583898331
B02,B04,D01,1.00758006989781
B02,B04,D02,-1.00918666049984
B02,B04,D03,0.994673955705366
B02,B04,D04,-0.998695379297715
B02,B04,D05,0.987464454505243
B02,B04,D06,-0.993711455594166
B02,B04,D07,0.984886086400365
B02,B04,D08,-0.99440494330338
B02,B04,D09,0.989317677303916
B02,B04,D10,-1.0013688534018
B02,B04,D11,0.998896111501381
B02,B04,D12,-1.01377829680132
B02,B05,D01,1.27148233070329
B02,B05,D02,-1.27194461930048
B02,B05,D03,1.25532240550092
B02,B05,D04,-1.25861218479986
B02,B05,D05,1.24629648800328
B02,B05,D06,-1.25264576209884
B02,B05,D07,1.24345362830354
B02,B05,D08,-1.25328102340427
B02,B05,D09,1.24867506220471
B02,B05,D10,-1.2623300435007
B02,B05,D11,1.25959024929762
B02,B05,D12,-1.27728483049577
B02,B06,D01,1.53229835550155
B02,B06,D02,-1.53805184770317
B02,B06,D03,1.51272126810363
B02,B06,D04,-1.52248200990289
B02,B06,D05,1.50220415910007
B02,B06,D06,-1.51413785049954
B02,B06,D07,1.49797612459952
B02,B06,D08,-1.51521475470508
B02,B06,D09,1.50394585160393
B02,B06,D10,-1.52576353789482
B02,B06,D11,1.51783545249782
B02,B06,D12,-1.54655075419578
B02,B07,D01,1.79630000900215
B02,B07,D02,-1.8018370403006
B02,B07,D03,1.77253962940449
B02,B07,D04,-1.78369321100035
B02,B07,D05,1.76001624479977
B02,B07,D06,-1.7746417600938
B02,B07,D07,1.75666018620541
B02,B07,D08,-1.77566087870218
B02,B07,D09,1.76312354160473
B02,B07,D10,-1.78812917399773
B02,B07,D11,1.77924730419909
B02,B07,D12,-1.81091517220193
B02,B08,D01,0.262634212500416
B02,B08,D02,-0.261691207000695
B02,B08,D03,0.259272516603232
B02,B08,D04,-0.258941911000875
B02,B08,D05,0.257199018502433
B02,B08,D06,-0.257139599700167
B02,B08,D07,0.256547952405526
B02,B08,D08,-0.257526833505835
B02,B08,D09,0.258189330903406
B02,B08,D10,-0.259293034396251
B02,B08,D11,0.259652521803218
B02,B08,D12,-0.263226914401457
B02,B8A,D01,2.05619905410276
B02,B8A,D02,-2.06832921130263
B02,B8A,D03,2.02945315120451
B02,B8A,D04,-2.04756569919846
B02,B8A,D05,2.0149775996033
B02,B8A,D06,-2.0369108136947
B02,B8A,D07,2.01071611370571
B02,B8A,D08,-2.038937867801
B02,B8A,D09,2.01791972280625
B02,B8A,D10,-2.05319507420063
B02,B8A,D11,2.03671928439871
B02,B8A,D12,-2.07930584999849
B02,B09,D01,2.59707030560094
B02,B09,D02,-2.60146833520412
B02,B09,D03,2.56327591110312
B02,B09,D04,-2.57402206979896
B02,B09,D05,2.54441335090087
B02,B09,D06,-2.56168452059501
B02,B09,D07,2.5402284219017
B02,B09,D08,-2.56282712710527
B02,B09,D09,2.55141795240343
B02,B09,D10,-2.58141835079732
B02,B09,D11,2.57347052649857
B02,B09,D12,-2.61439060750126
B02,B10,D01,0.877258414198877
B02,B10,D02,-0.857171374904283
B02,B10,D03,0.868544641205517
B02,B10,D04,-0.849725982297969
B02,B10,D05,0.863264076906489
B02,B10,D06,-0.84191932129761
B02,B10,D07,0.859968433003814
B02,B10,D08,-0.841191416104266
B02,B10,D09,0.867735799700313
B02,B10,D10,-0.847043684196251
B02,B10,D11,0.871912830101792
B02,B10,D12,-0.853597671695752
B02,B11,D01,1.50201821300288
B02,B11,D02,-1.48837374230061
B02,B11,D03,1.4842544928033
B02,B11,D04,-1.47451304230344
B02,B11,D05,1.47480580940464
B02,B11,D06,-1.46280916389514
B02,B11,D07,1.47077073590481
B02,B11,D08,-1.46411937160156
B02,B11,D09,1.480218036304
B02,B11,D10,-1.47424093620066
B02,B11,D11,1.49171553560154
B02,B11,D12,-1.49184155529656
B02,B12,D01,2.12536148870277
B02,B12,D02,-2.12014987080329
B02,B12,D03,2.10002346910187
B02,B12,D04,-2.0990614971015
B02,B12,D05,2.08656394070567
B02,B12,D06,-2.08463886049867
B02,B12,D07,2.08104177060159
B02,B12,D08,-2.08660495000368
B02,B12,D09,2.09274612160516
B02,B12,D10,-2.1011154434018
B02,B12,D11,2.11003102819814
B02,B12,D12,-2.12649929739564
B03,B01,D01,1.80496530779783
B03,B01,D02,-1.80377233390027
B03,B01,D03,1.78124733720324
B03,B01,D04,-1.7852142845004
B03,B01,D05,1.76836736009864
B03,B01,D06,-1.77610799480317
B03,B01,D07,1.76655201680114
B03,B01,D08,-1.77768085610296
B03,B01,D09,1.7717944932956
B03,B01,D10,-1.78972976379737
B03,B01,D11,1.78888874749828
B03,B01,D12,-1.81275697310048
B03,B02,D01,-0.525553698105796
B03,B02,D02,0.524372011699597
B03,B02,D03,-0.519295685298857
B03,B02,D04,0.518491265298508
B03,B02,D05,-0.514791787696595
B03,B02,D06,0.515749439102365
B03,B02,D07,-0.513069811000605
B03,B02,D08,0.516262091296085
B03,B02,D09,-0.516605726603302
B03,B02,D10,0.519816158397589
B03,B02,D11,-0.519991184402898
B03,B02,D12,0.527205382401007
B03,B04,D01,0.482016656496853
B03,B04,D02,-0.484825618295872
B03,B04,D03,0.475374362897128
B03,B04,D04,-0.480207512999186
B03,B04,D05,0.47267139449832
B03,B04,D06,-0.477962568998919
B03,B04,D07,0.471815135701036
B03,B04,D08,-0.47814399679919
B03,B04,D09,0.472709088899137
B03,B04,D10,-0.481558778497856
B03,B04,D11,0.478897716995562
B03,B04,D12,-0.48658954360144
B03,B05,D01,0.745916514497367
B03,B05,D02,-0.747586393401434
B03,B05,D03,0.736021782497119
B03,B05,D04,-0.740125231604907
B03,B05,D05,0.731503097602399
B03,B05,D06,-0.736897027702071
B03,B05,D07,0.730382390902378
B03,B05,D08,-0.737020370201208
B03,B05,D09,0.732065719799721
B03,B05,D10,-0.742521569802193
B03,B05,D11,0.739589973600232
B03,B05,D12,-0.750100455399661
B03,B06,D01,1.00672999559902
B03,B06,D02,-1.01369647019601
B03,B06,D03,0.993419703700056
B03,B06,D04,-1.00399599010416
B03,B06,D05,0.987410474503122
B03,B06,D06,-0.998389273801877
B03,B06,D07,0.984904626202478
B03,B06,D08,-0.998954433904146
B03,B06,D09,0.987335819998407
B03,B06,D10,-1.00595670130133
B03,B06,D11,0.997833360095683
B03,B06,D12,-1.01937091480067
B03,B07,D01,1.27072925910034
B03,B07,D02,-1.27748466820049
B03,B07,D03,1.25323707079951
B03,B07,D04,-1.265208123099
B03,B07,D05,1.2452222478023
B03,B07,D06,-1.25889333509986
B03,B07,D07,1.24358842689981
B03,B07,D08,-1.25940084410104
B03,B07,D09,1.24651281860133
B03,B07,D10,-1.26832389220363
B03,B07,D11,1.25924334559386
B03,B07,D12,-1.28373967680091
B03,B08,D01,-0.262922044901643
B03,B08,D02,0.262678049002716
B03,B08,D03,-0.260024212097051
B03,B08,D04,0.25954848209949
B03,B08,D05,-0.257593107096909
B03,B08,D06,0.258609705502749
B03,B08,D07,-0.256522181698529
B03,B08,D08,0.258734954200918
B03,B08,D09,-0.258417165299761
B03,B08,D10,0.260521570002311
B03,B08,D11,-0.260340601002099
B03,B08,D12,0.263974170702568
B03,B8A,D01,1.53062580059486
B03,B8A,D02,-1.54397982900264
B03,B8A,D03,1.51014961460169
B03,B8A,D04,-1.52908160850348
B03,B8A,D05,1.50018331960018
B03,B8A,D06,-1.52116255310102
B03,B8A,D07,1.49764409830095
B03,B8A,D08,-1.52267815839878
B03,B8A,D09,1.50130833969888
B03,B8A,D10,-1.5333914879011
B03,B8A,D11,1.51671345459908
B03,B8A,D12,-1.5521347196991
B03,B09,D01,2.07149212359946
B03,B09,D02,-2.07712502410141
B03,B09,D03,2.04397040329786
B03,B09,D04,-2.05553988460451
B03,B09,D05,2.02961852720182
B03,B09,D06,-2.04593659529928
B03,B09,D07,2.02715592500317
B03,B09,D08,-2.04656805400009
B03,B09,D09,2.03480515269621
B03,B09,D10,-2.06161816410167
B03,B09,D11,2.05346113439737
B03,B09,D12,-2.08722868360201
B03,B10,D01,0.351696267498482
B03,B10,D02,-0.332809954095865
B03,B10,D03,0.349245467601577
B03,B10,D04,-0.33123745139892
B03,B10,D05,0.348470978504338
B03,B10,D06,-0.326170384498255
B03,B10,D07,0.34689755729778
B03,B10,D08,-0.324929954098479
B03,B10,D09,0.351127411602647
B03,B10,D10,-0.327230890601641
B03,B10,D11,0.351918192594894
B03,B10,D12,-0.326403594001022
B03,B11,D01,0.976449757094088
B03,B11,D02,-0.964019208098762
B03,B11,D03,0.964952784401248
B03,B11,D04,-0.956026811203629
B03,B11,D05,0.960011938397656
B03,B11,D06,-0.947060587001033
B03,B11,D07,0.95769929040398
B03,B11,D08,-0.947858794301283
B03,B11,D09,0.963608032201591
B03,B11,D10,-0.954432474201894
B03,B11,D11,0.971713734499645
B03,B11,D12,-0.964659505101736
B03,B12,D01,1.59978715959733
B03,B12,D02,-1.59580267679848
B03,B12,D03,1.58071933239989
B03,B12,D04,-1.58057746449776
B03,B12,D05,1.57176932699804
B03,B12,D06,-1.56889066549775
B03,B12,D07,1.56796973400196
B03,B12,D08,-1.57034505290358
B03,B12,D09,1.57613436230167
B03,B12,D10,-1.58131095820136
B03,B12,D11,1.59002494029846
B03,B12,D12,-1.59932763189863
B04,B01,D01,1.32293903419486
B04,B01,D02,-1.31896138619777
B04,B01,D03,1.30586882300122
B04,B01,D04,-1.30501119170367
B04,B01,D05,1.29569437490136
B04,B01,D06,-1.29814553320466
B04,B01,D07,1.29473593029979
B04,B01,D08,-1.29953799729992
B04,B01,D09,1.29908235699986
B04,B01,D10,-1.30817858770024
B04,B01,D11,1.309983168896
B04,B01,D12,-1.32618918209482
B04,B02,D01,-1.00756266190001
B04,B02,D02,1.00920869840047
B04,B02,D03,-0.994666782200511
B04,B02,D04,0.998701907396026
B04,B02,D05,-0.987461836200964
B04,B02,D06,0.99371209279343
B04,B02,D07,-0.984884132703883
B04,B02,D08,0.994406946796516
B04,B02,D09,-0.989312362704368
B04,B02,D10,1.00138086749939
B04,B02,D11,-0.998882672902255
B04,B02,D12,1.01381124940235
B04,B03,D01,-0.482012892003695
B04,B03,D02,0.484830954403151
B04,B03,D03,-0.475372800501646
B04,B03,D04,0.480209010100225
B04,B03,D05,-0.472670772898709
B04,B03,D06,0.477962609598762
B04,B03,D07,-0.471814757904212
B04,B03,D08,0.478144409993547
B04,B03,D09,-0.472707909902965
B04,B03,D10,0.481561639302527
B04,B03,D11,-0.478894785403099
B04,B03,D12,0.486597230003099
B04,B05,D01,0.263897954297136
B04,B05,D02,-0.262763612401613
B04,B05,D03,0.26064656410017
B04,B05,D04,-0.259918557901983
B04,B05,D05,0.258831361396005
B04,B05,D06,-0.258934480800235
B04,B05,D07,0.258567046599637
B04,B05,D08,-0.258876587402483
B04,B05,D09,0.259355984497233
B04,B05,D10,-0.260964355104079
B04,B05,D11,0.260690635099309
B04,B05,D12,-0.263515207698219
B04,B06,D01,0.524709427299968
B04,B06,D02,-0.528876557800686
B04,B06,D03,0.518043700598355
B04,B06,D04,-0.523790169005224
B04,B06,D05,0.514738426594704
B04,B06,D06,-0.52042675120174
B04,B06,D07,0.513089094893076
B04,B06,D08,-0.520810906404222
B04,B06,D09,0.514625493400672
B04,B06,D10,-0.524401081900578
B04,B06,D11,0.518932459293865
B04,B06,D12,-0.532790120094433
B04,B07,D01,0.788706800798536
B04,B07,D02,-0.792667785099184
B04,B07,D03,0.777860239097208
B04,B07,D04,-0.785003152304853
B04,B07,D05,0.772549877096026
B04,B07,D06,-0.780930826200347
B04,B07,D07,0.771772704698378
B04,B07,D08,-0.781257520800864
B04,B07,D09,0.773801893999917
B04,B07,D10,-0.786769790800463
B04,B07,D11,0.780340841898578
B04,B07,D12,-0.797163146897219
B04,B08,D01,-0.744933036505245
B04,B08,D02,0.747511955400114
B04,B08,D03,-0.735396181902615
B04,B08,D04,0.73975831829739
B04,B08,D05,-0.730263514800754
B04,B08,D06,0.736572345398599
B04,B08,D07,-0.72833673900459
B04,B08,D08,0.736879578595108
B04,B08,D09,-0.731124460500723
B04,B08,D10,0.742084764700849
B04,B08,D11,-0.739233764899837
B04,B08,D12,0.750575819001824
B04,B8A,D01,1.04860136559728
B04,B8A,D02,-1.05916595680173
B04,B8A,D03,1.03477197029861
B04,B8A,D04,-1.04887755380332
B04,B8A,D05,1.02751065279881
B04,B8A,D06,-1.04320006490161
B04,B8A,D07,1.02582818429801
B04,B8A,D08,-1.04453507440485
B04,B8A,D09,1.02859684579744
B04,B8A,D10,-1.05183904099977
B04,B8A,D11,1.03780934529641
B04,B8A,D12,-1.06556247099797
B04,B09,D01,1.58946381529677
B04,B09,D02,-1.59231723139965
B04,B09,D03,1.56859112300299
B04,B09,D04,-1.57533760130173
B04,B09,D05,1.55694529169705
B04,B09,D06,-1.56797414860193
B04,B09,D07,1.55533966579969
B04,B09,D08,-1.5684254292064
B04,B09,D09,1.56209243909689
B04,B09,D10,-1.58006905690127
B04,B09,D11,1.57455398569437
B04,B09,D12,-1.60066546469898
B04,B10,D01,-0.130319368501659
B04,B10,D02,0.152016033702239
B04,B10,D03,-0.126128552001319
B04,B10,D04,0.148970709800778
B04,B10,D05,-0.124200400401605
B04,B10,D06,0.151792133998242
B04,B10,D07,-0.124917551002
B04,B10,D08,0.153214490295795
B04,B10,D09,-0.121581528204842
B04,B10,D10,0.154330519399082
B04,B10,D11,-0.126976391205972
B04,B10,D12,0.160191186805605
B04,B11,D01,0.494429116297397
B04,B11,D02,-0.479200174697326
B04,B11,D03,0.489576667001529
B04,B11,D04,-0.475820791500155
B04,B11,D05,0.487339758801682
B04,B11,D06,-0.469098110101186
B04,B11,D07,0.485883806097263
B04,B11,D08,-0.469715038503637
B04,B11,D09,0.490897723400849
B04,B11,D10,-0.472875303203182
B04,B11,D11,0.4928130811968
B04,B11,D12,-0.47807654079952
B04,B12,D01,1.11776188049407
B04,B12,D02,-1.11099104519963
B04,B12,D03,1.10534121019737
B04,B12,D04,-1.10037344349985
B04,B12,D05,1.09909638649697
B04,B12,D06,-1.09092824050458
B04,B12,D07,1.09615382839547
B04,B12,D08,-1.09220178870601
B04,B12,D09,1.10342254539864
B04,B12,D10,-1.09975767120341
B04,B12,D11,1.11112060379674
B04,B12,D12,-1.11275485919759
B05,B01,D01,1.05902895169857
B05,B01,D02,-1.05618915100058
B05,B01,D03,1.04521241439943
B05,B01,D04,-1.04507924780046
B05,B01,D05,1.03685386050347
B05,B01,D06,-1.03919553059677
B05,B01,D07,1.03615965780045
B05,B01,D08,-1.04064588199981
B05,B01,D09,1.03971638519579
B05,B01,D10,-1.04720033769991
B05,B01,D11,1.04928042939719
B05,B01,D12,-1.06266582289391
B05,B02,D01,-1.27144423100253
B05,B02,D02,1.27196347559948
B05,B02,D03,-1.25529977800034
B05,B02,D04,1.25860591670062
B05,B02,D05,-1.24628033339832
B05,B02,D06,1.25262967059825
B05,B02,D07,-1.24343814540043
B05,B02,D08,1.25326672530355
B05,B02,D09,-1.24865426940232
B05,B02,D10,1.26233067439898
B05,B02,D11,-1.25955647660157
B05,B02,D12,1.2773186912018
B05,B03,D01,-0.745901431204402
B05,B03,D02,0.747589149199485
B05,B03,D03,-0.736011629305722
B05,B03,D04,0.740118783098296
B05,B03,D05,-0.731494832194585
B05,B03,D06,0.736886907499866
B05,B03,D07,-0.730374407699856
B05,B03,D08,0.737010859003931
B05,B03,D09,-0.732055902502907
B05,B03,D10,0.74251716589788
B05,B03,D11,-0.739575844498177
B05,B03,D12,0.750107505104097
B05,B04,D01,-0.263894739502575
B05,B04,D02,0.262761620593665
B05,B04,D03,-0.260643892499502
B05,B04,D04,0.259915414499119
B05,B04,D05,-0.258828849699057
B05,B04,D06,0.258930830204918
B05,B04,D07,-0.258564506395487
B05,B04,D08,0.258872947699274
B05,B04,D09,-0.259353234701848
B05,B04,D10,0.260961171901727
B05,B04,D11,-0.260687337598938
B05,B04,D12,0.263513434903871
B05,B06,D01,0.260808322898811
B05,B06,D02,-0.266110831900733
B05,B06,D03,0.257394611595373
B05,B06,D04,-0.263868316804292
B05,B06,D05,0.255904685000132
B05,B06,D06,-0.261488485499285
B05,B06,D07,0.254519650901784
B05,B06,D08,-0.261930548796954
B05,B06,D09,0.255266919797577
B05,B06,D10,-0.263433408697892
B05,B06,D11,0.258238690599683
B05,B06,D12,-0.269273004996649
B05,B07,D01,0.524802648797049
B05,B07,D02,-0.52989998490375
B05,B07,D03,0.517208668097737
B05,B07,D04,-0.525077963699005
B05,B07,D05,0.513713816006202
B05,B07,D06,-0.521988696498738
B05,B07,D07,0.513200914399931
B05,B07,D08,-0.522373295701982
B05,B07,D09,0.514440793100221
B05,B07,D10,-0.52579866850283
B05,B07,D11,0.519643983701826
B05,B07,D12,-0.533643994793238
B05,B08,D01,-1.0088181596002
B05,B08,D02,1.01026844239823
B05,B08,D03,-0.996032139402814
B05,B08,D04,0.999665170100343
B05,B08,D05,-0.98908483179548
B05,B08,D06,0.995493234600872
B05,B08,D07,-0.986893622299249
B05,B08,D08,0.995742635204806
B05,B08,D09,-0.990469464602939
B05,B08,D10,1.00303738420189
B05,B08,D11,-0.999911255399638
B05,B08,D12,1.01408467570582
B05,B8A,D01,0.784694236295763
B05,B8A,D02,-0.796395950601436
B05,B8A,D03,0.774118022498442
B05,B8A,D04,-0.788948938803514
B05,B8A,D05,0.768672392405279
B05,B8A,D06,-0.784253961101058
B05,B8A,D07,0.767254177299037
B05,B8A,D08,-0.785646869095217
B05,B8A,D09,0.769233356295445
B05,B8A,D10,-0.790864398601116
B05,B8A,D11,0.777109533199109
B05,B8A,D12,-0.8020411046964
B05,B09,D01,1.32555084129854
B05,B09,D02,-1.32954265640001
B05,B09,D03,1.30793248210102
B05,B09,D04,-1.31540190290252
B05,B09,D05,1.29810272900068
B05,B09,D06,-1.30901987219841
B05,B09,D07,1.29676132029999
B05,B09,D08,-1.30952904799778
B05,B09,D09,1.30272420500114
B05,B09,D10,-1.3190871393017
B05,B09,D11,1.31384846060246
B05,B09,D12,-1.3371396713992
B05,B10,D01,-0.39421251170279
B05,B10,D02,0.414775775199814
B05,B10,D03,-0.386771202305681
B05,B10,D04,0.408884395401401
B05,B10,D05,-0.383028131298488
B05,B10,D06,0.410720774998481
B05,B10,D07,-0.383480866395985
B05,B10,D08,0.412085465301061
B05,B10,D09,-0.380933547799941
B05,B10,D10,0.415290780598298
B05,B10,D11,-0.387661007902352
B05,B10,D12,0.42370500620018
B05,B11,D01,0.230528217900428
B05,B11,D02,-0.216435635506059
B05,B11,D03,0.228927761199884
B05,B11,D04,-0.215899521099345
B05,B11,D05,0.228506182000274
B05,B11,D06,-0.210160617702058
B05,B11,D07,0.227314623902203
B05,B11,D08,-0.21083531579643
B05,B11,D09,0.231539375898137
B05,B11,D10,-0.211907565797446
B05,B11,D11,0.232119668697123
B05,B11,D12,-0.214559098792961
B05,B12,D01,0.853853811095178
B05,B12,D02,-0.848221520303923
B05,B12,D03,0.844686496398936
B05,B12,D04,-0.840444066998316
B05,B12,D05,0.840257422700234
B05,B12,D06,-0.831981430696032
B05,B12,D07,0.837579244500375
B05,B12,D08,-0.833312711401959
B05,B12,D09,0.844058306298394
B05,B12,D10,-0.838781717298843
B05,B12,D11,0.850420080903859
B05,B12,D12,-0.849232361193572
B06,B01,D01,0.79821781769715
B06,B01,D02,-0.790083332300128
B06,B01,D03,0.787816433497937
B06,B01,D04,-0.781212366397085
B06,B01,D05,0.780948737301515
B06,B01,D06,-0.777706859902537
B06,B01,D07,0.781639532498957
B06,B01,D08,-0.778715502397972
B06,B01,D09,0.784448531798262
B06,B01,D10,-0.783769469097024
B06,B01,D11,0.791039510899282
B06,B01,D12,-0.793399952701293
B06,B02,D01,-1.53224680310086
B06,B02,D02,1.53808368610044
B06,B02,D03,-1.51269165799749
B06,B02,D04,1.52247680720029
B06,B02,D05,-1.50218407459761
B06,B02,D06,1.51411784089578
B06,B02,D07,-1.49795673810149
B06,B02,D08,1.51519764499972
B06,B02,D09,-1.50391924830183
B06,B02,D10,1.52576928340568
B06,B02,D11,-1.51779066339805
B06,B02,D12,1.54660560209595
B06,B03,D01,-1.0067059603025
B06,B03,D02,1.01370614990446
B06,B03,D03,-0.993404465603817
B06,B03,D04,1.00398879910063
B06,B03,D05,-0.987398916498933
B06,B03,D06,0.998375178700371
B06,B03,D07,-0.984893385699252
B06,B03,D08,0.998941649799235
B06,B03,D09,-0.987321559397969
B06,B03,D10,1.0059540154034
B06,B03,D11,-0.99781161199644
B06,B03,D12,1.01938960499683
B06,B04,D01,-0.524701129303139
B06,B04,D02,0.528875637603051
B06,B04,D03,-0.518037596499198
B06,B04,D04,0.52378463360219
B06,B04,D05,-0.514733227297256
B06,B04,D06,0.520419202199264
B06,B04,D07,-0.513083815902064
B06,B04,D08,0.520803625899134
B06,B04,D09,-0.514619509500335
B06,B04,D10,0.524396385502769
B06,B04,D11,-0.518924508200143
B06,B04,D12,0.53279128090071
B06,B05,D01,-0.260807331003889
B06,B05,D02,0.266112432502268
B06,B05,D03,-0.257394174703222
B06,B05,D04,0.263868774200091
B06,B05,D05,-0.255904537894821
B06,B05,D06,0.261488428099256
B06,B05,D07,-0.2545194869017
B06,B05,D08,0.261930625900277
B06,B05,D09,-0.255266609201499
B06,B05,D10,0.2634343207028
B06,B05,D11,-0.258237941998232
B06,B05,D12,0.269275470098364
B06,B07,D01,0.263993397595186
B06,B07,D02,-0.263790845601761
B06,B07,D03,0.259813602999202
B06,B07,D04,-0.261210093398404
B06,B07,D05,0.257808980102709
B06,B07,D06,-0.260500146803679
B06,B07,D07,0.258681100400281
B06,B07,D08,-0.260442785700434
B06,B07,D09,0.259173563303193
B06,B07,D10,-0.262366124297841
B06,B07,D11,0.26140453460539
B06,B07,D12,-0.264373332705873
B06,B08,D01,-1.2696217407065
B06,B08,D02,1.27638709670282
B06,B08,D03,-1.25342450910102
B06,B08,D04,1.26353562869917
B06,B08,D05,-1.24498874389974
B06,B08,D06,1.25698145850038
B06,B08,D07,-1.24141241589678
B06,B08,D08,1.25767348429508
B06,B08,D09,-1.2457347935997
B06,B08,D10,1.26647512550699
B06,B08,D11,-1.25814624549821
B06,B08,D12,1.28336923839379
B06,B8A,D01,0.523884015296062
B06,B8A,D02,-0.530288491398096
B06,B8A,D03,0.516722517400922
B06,B8A,D04,-0.525081559098908
B06,B8A,D05,0.512767417501891
B06,B8A,D06,-0.522765350004193
B06,B8A,D07,0.512734205403831
B06,B8A,D08,-0.523716422198049
B06,B8A,D09,0.513965835503768
B06,B8A,D10,-0.527432798196969
B06,B8A,D11,0.51886932169873
B06,B8A,D12,-0.532772796199424
B06,B09,D01,1.06473872679635
B06,B09,D02,-1.0634385739977
B06,B09,D03,1.05053608329763
B06,B09,D04,-1.05153544569475
B06,B09,D05,1.04219748660398
B06,B09,D06,-1.04753113040351
B06,B09,D07,1.04224104979949
B06,B09,D08,-1.04759869640111
B06,B09,D09,1.0474560540024
B06,B09,D10,-1.05565745229978
B06,B09,D11,1.05560681279894
B06,B09,D12,-1.06787635000364
B06,B10,D01,-0.655018413999642
B06,B10,D02,0.680889994400786
B06,B10,D03,-0.644164715500665
B06,B10,D04,0.672753948201716
B06,B10,D05,-0.638932491994638
B06,B10,D06,0.672209081698384
B06,B10,D07,-0.638000116596231
B06,B10,D08,0.674016385200957
B06,B10,D09,-0.636199730797671
B06,B10,D10,0.678727523903945
B06,B10,D11,-0.645896733294649
B06,B10,D12,0.692985878697073
B06,B11,D01,-0.0302801272046054
B06,B11,D02,0.0496746787030133
B06,B11,D03,-0.0284668938038521
B06,B11,D04,0.0479689054045593
B06,B11,D05,-0.0273985539970454
B06,B11,D06,0.0513278306971188
B06,B11,D07,-0.0272050001003663
B06,B11,D08,0.0510953640987282
B06,B11,D09,-0.023727530198812
B06,B11,D10,0.0515267651062459
B06,B11,D11,-0.0261189062002813
B06,B11,D12,0.0547151645951089
B06,B12,D01,0.593043188593583
B06,B12,D02,-0.582115340796008
B06,B12,D03,0.587290748495434
B06,B12,D04,-0.576576693296374
B06,B12,D05,0.584352331905393
B06,B12,D06,-0.570492836901394
B06,B12,D07,0.583059250304359
B06,B12,D08,-0.571382130299753
B06,B12,D09,0.588790630303265
B06,B12,D10,-0.575349601298512
B06,B12,D11,0.59217975520005
B06,B12,D12,-0.579963705800765
B07,B01,D01,0.534222849506477
B07,B01,D02,-0.526296120398911
B07,B01,D03,0.528002138606098
B07,B01,D04,-0.520003879493743
B07,B01,D05,0.523139586999605
B07,B01,D06,-0.517207031400176
B07,B01,D07,0.522958347697568
B07,B01,D08,-0.518273346904607
B07,B01,D09,0.525274406500103
B07,B01,D10,-0.521405155799584
B07,B01,D11,0.529633792997629
B07,B01,D12,-0.529032168502454
B07,B02,D01,-1.79623468589853
B07,B02,D02,1.80188669170457
B07,B02,D03,-1.77250289289805
B07,B02,D04,1.78369181960443
B07,B02,D05,-1.75999241509999
B07,B02,D06,1.77461897789908
B07,B02,D07,-1.75663751889806
B07,B02,D08,1.77564240049833
B07,B02,D09,-1.76309079689963
B07,B02,D10,1.78814196310123
B07,B02,D11,-1.77919103149907
B07,B02,D12,1.81099739409547
B07,B03,D01,-1.27069544480037
B07,B03,D02,1.27750564140297
B07,B03,D03,-1.25321640559559
B07,B03,D04,1.26520241730032
B07,B03,D05,-1.24520745659538
B07,B03,D06,1.25887604169839
B07,B03,D07,-1.24357426560164
B07,B03,D08,1.25938585099357
B07,B03,D09,-1.24649371209671
B07,B03,D10,1.2683247997993
B07,B03,D11,-1.25921321860369
B07,B03,D12,1.28377597600047
B07,B04,D01,-0.788692152695148
B07,B04,D02,0.792671854505898
B07,B04,D03,-0.777850181293616
B07,B04,D04,0.784996950802451
B07,B04,D05,-0.772541937600181
B07,B04,D06,0.780919801094569
B07,B04,D07,-0.77176478059846
B07,B04,D08,0.781247299295501
B07,B04,D09,-0.77379221519368
B07,B04,D10,0.786765402604942
B07,B04,D11,-0.780327220098116
B07,B04,D12,0.797172814694932
B07,B05,D01,-0.524799134094792
B07,B05,D02,0.529906905103417
B07,B05,D03,-0.517207111297466
B07,B05,D04,0.525080361105211
B07,B05,D05,-0.513713342799747
B07,B05,D06,0.521988879896526
B07,B05,D07,-0.513200500397943
B07,B05,D08,0.522374013497029
B07,B05,D09,-0.514439615195443
B07,B05,D10,0.525802372700127
B07,B05,D11,-0.519641271203
B07,B05,D12,0.533654296697932
B07,B06,D01,-0.263992621294165
B07,B06,D02,0.263792707504763
B07,B06,D03,-0.259813262193347
B07,B06,D04,0.261210844706511
B07,B06,D05,-0.257808890499291
B07,B06,D06,0.260500297896215
B07,B06,D07,-0.258681056002388
B07,B06,D08,0.260443076098454
B07,B06,D09,-0.259173284794088
B07,B06,D10,0.262367064598948
B07,B06,D11,-0.261403919401346
B07,B06,D12,0.264376028397237
B07,B08,D01,-1.5336104507951
B07,B08,D02,1.54018839680066
B07,B08,D03,-1.51323610449617
B07,B08,D04,1.52474995289958
B07,B08,D05,-1.50279718310048
B07,B08,D06,1.51748246469651
B07,B08,D07,-1.50009325209976
B07,B08,D08,1.51811795929825
B07,B08,D09,-1.50490665329562
B07,B08,D10,1.5288468712024
B07,B08,D11,-1.51954724310053
B07,B08,D12,1.5477583824977
B07,B8A,D01,0.259889809902234
B07,B8A,D02,-0.266499498196936
B07,B8A,D03,0.256908580704476
B07,B8A,D04,-0.263872257295588
B07,B8A,D05,0.25495835570473
B07,B8A,D06,-0.262265363504412
B07,B8A,D07,0.25405305899767
B07,B8A,D08,-0.263273949203722
B07,B8A,D09,0.254792007101059
B07,B8A,D10,-0.265067697000632
B07,B8A,D11,0.257464173402695
B07,B8A,D12,-0.268402160101687
B07,B09,D01,0.800742924002407
B07,B09,D02,-0.799653340000077
B07,B09,D03,0.790721473000303
B07,B09,D04,-0.790327687398531
B07,B09,D05,0.784388268504699
B07,B09,D06,-0.787031468906207
B07,B09,D07,0.783559824303666
B07,B09,D08,-0.787156855905778
B07,B09,D09,0.788281659901259
B07,B09,D10,-0.793294417897414
B07,B09,D11,0.794200490498042
B07,B09,D12,-0.80351139310369
B07,B10,D01,-0.919009029799781
B07,B10,D02,0.944686439404904
B07,B10,D03,-0.903977161098737
B07,B10,D04,0.93396677000419
B07,B10,D05,-0.896741204000136
B07,B10,D06,0.932709735294338
B07,B10,D07,-0.896681084399461
B07,B10,D08,0.934460431497428
B07,B10,D09,-0.895372357299493
B07,B10,D10,0.941098149800382
B07,B10,D11,-0.907298168604029
B07,B10,D12,0.957370619500579
B07,B11,D01,-0.294272783597989
B07,B11,D02,0.313466873099969
B07,B11,D03,-0.288280199798464
B07,B11,D04,0.30917991190654
B07,B11,D05,-0.28520748779556
B07,B11,D06,0.311828132696974
B07,B11,D07,-0.285886041696358
B07,B11,D08,0.311538607697003
B07,B11,D09,-0.282900804297242
B07,B11,D10,0.313894779799739
B07,B11,D11,-0.287522728700424
B07,B11,D12,0.319092527301109
B07,B12,D01,0.329048632600461
B07,B12,D02,-0.318327693094034
B07,B12,D03,0.327476620004745
B07,B12,D04,-0.315367463197617
B07,B12,D05,0.326543186500203
B07,B12,D06,-0.309992909402354
B07,B12,D07,0.324378112301929
B07,B12,D08,-0.310939577801037
B07,B12,D09,0.329616662304034
B07,B12,D10,-0.312983988500491
B07,B12,D11,0.330774526897585
B07,B12,D12,-0.315592770202784
B08,B01,D01,2.06789765669964
B08,B01,D02,-2.06643938759953
B08,B01,D03,2.04127576980682
B08,B01,D04,-2.04475904659921
B08,B01,D05,2.02596186930168
B08,B01,D06,-2.03471706309938
B08,B01,D07,2.02307545419899
B08,B01,D08,-2.03641428580158
B08,B01,D09,2.0302148207993
B08,B01,D10,-2.05024579949531
B08,B01,D11,2.04923697639606
B08,B01,D12,-2.07671499440039
B08,B02,D01,-0.262633015103347
B08,B02,D02,0.261692629603203
B08,B02,D03,-0.259272031194996
B08,B02,D04,0.25894234309817
B08,B02,D05,-0.257198873398011
B08,B02,D06,0.257139663299313
B08,B02,D07,-0.25654781920457
B08,B02,D08,0.257526949302701
B08,B02,D09,-0.258188994295779
B08,B02,D10,0.259293889102992
B08,B02,D11,-0.259651608801505
B08,B02,D12,0.263229197204055
B08,B03,D01,0.262923320595291
B08,B03,D02,-0.262676634702075
B08,B03,D03,0.260024742405221
B08,B03,D04,-0.259548030502629
B08,B03,D05,0.257593305599585
B08,B03,D06,-0.25860962740262
B08,B03,D07,0.256522353702167
B08,B03,D08,-0.258734771203308
B08,B03,D09,0.258417570803431
B08,B03,D10,-0.260520849697059
B08,B03,D11,0.260341593595513
B08,B03,D12,-0.263972057400679
B08,B04,D01,0.74494251159922
B08,B04,D02,-0.747499692799465
B08,B04,D03,0.735400109901093
B08,B04,D04,-0.73975471760059
B08,B04,D05,0.730265033998876
B08,B04,D06,-0.736572053399868
B08,B04,D07,0.728337801199814
B08,B04,D08,-0.736878418902051
B08,B04,D09,0.731127432001813
B08,B04,D10,-0.742078309594945
B08,B04,D11,0.73924110619555
B08,B04,D12,-0.750557937200938
B08,B05,D01,1.00884364779631
B08,B05,D02,-1.01025910460157
B08,B05,D03,0.996048083106871
B08,B05,D04,-0.999671976605896
B08,B05,D05,0.989096924196929
B08,B05,D06,-0.995506432198454
B08,B05,D07,0.986905224795919
B08,B05,D08,-0.995754603602109
B08,B05,D09,0.990484486101195
B08,B05,D10,-1.00304038269678
B08,B05,D11,0.999934355495498
B08,B05,D12,-1.01406680110085
B08,B06,D01,1.26965848670079
B08,B06,D02,-1.27636780180183
B08,B06,D03,1.25344651250634
B08,B06,D04,-1.2635422572057
B08,B06,D05,1.24500446929596
B08,B06,D06,-1.2569985950031
B08,B06,D07,1.24142761439725
B08,B06,D08,-1.25768845900166
B08,B06,D09,1.24575497650221
B08,B06,D10,-1.26647477920051
B08,B06,D11,1.25817870519677
B08,B06,D12,-1.28333513739926
B08,B07,D01,1.53365902119549
B08,B07,D02,-1.54015454489854
B08,B07,D03,1.51326441350102
B08,B07,D04,-1.52475392240012
B08,B07,D05,1.50281641980109
B08,B07,D06,-1.51750257680396
B08,B07,D07,1.50011156930123
B08,B07,D08,-1.51813468310138
B08,B07,D09,1.50493236240436
B08,B07,D10,-1.52884127449943
B08,B07,D11,1.51958967309474
B08,B07,D12,-1.54770187279792
B08,B8A,D01,1.79355689980002
B08,B8A,D02,-1.80664825790154
B08,B8A,D03,1.77017748340586
B08,B8A,D04,-1.78862690100505
B08,B8A,D05,1.75777765199746
B08,B8A,D06,-1.77977170830127
B08,B8A,D07,1.75416739020147
B08,B8A,D08,-1.78141178609803
B08,B8A,D09,1.75972825309873
B08,B8A,D10,-1.79390810980112
B08,B8A,D11,1.777060771994
B08,B8A,D12,-1.81609487829701
B08,B09,D01,2.3344258497018
B08,B09,D02,-2.3397905173988
B08,B09,D03,2.30399933650187
B08,B09,D04,-2.31508421229955
B08,B09,D05,2.28721316829615
B08,B09,D06,-2.30454557399935
B08,B09,D07,2.28367950049869
B08,B09,D08,-2.30530127390375
B08,B09,D09,2.29322586070339
B08,B09,D10,-2.32213324659824
B08,B09,D11,2.31381033089565
B08,B09,D12,-2.35118455110205
B08,B10,D01,0.614621443499345
B08,B10,D02,-0.595484229896101
B08,B10,D03,0.609270990004006
B08,B10,D04,-0.59078499070165
B08,B10,D05,0.606064632898779
B08,B10,D06,-0.584779894001258
B08,B10,D07,0.603420173698396
B08,B10,D08,-0.583664649398998
B08,B10,D09,0.609545639701537
B08,B10,D10,-0.587751670696889
B08,B10,D11,0.612259605193685
B08,B10,D12,-0.590374505998625
B08,B11,D01,1.23937829939678
B08,B11,D02,-1.22669013979612
B08,B11,D03,1.22497967330128
B08,B11,D04,-1.21557318600389
B08,B11,D05,1.2176060310012
B08,B11,D06,-1.20566990719817
B08,B11,D07,1.21422224919661
B08,B11,D08,-1.2065929511009
B08,B11,D09,1.22202717100299
B08,B11,D10,-1.21495130909898
B08,B11,D11,1.23205892569968
B08,B11,D12,-1.22862478240131
B08,B12,D01,1.86271883209702
B08,B12,D02,-1.85847005529649
B08,B12,D03,1.84074753420282
B08,B12,D04,-1.84012272600376
B08,B12,D05,1.82936383989727
B08,B12,D06,-1.82749978420179
B08,B12,D07,1.82449304180045
B08,B12,D08,-1.82907876239915
B08,B12,D09,1.83455448679888
B08,B12,D10,-1.84182800859708
B08,B12,D11,1.8503723955946
B08,B12,D12,-1.8632880606965
B8A,B01,D01,0.274332401895663
B8A,B01,D02,-0.259798368300835
B8A,B01,D03,0.271093270006531
B8A,B01,D04,-0.256132182999863
B8A,B01,D05,0.268181159503001
B8A,B01,D06,-0.254941733997839
B8A,B01,D07,0.268905209501099
B8A,B01,D08,-0.254999568496714
B8A,B01,D09,0.270482181003899
B8A,B01,D10,-0.256338355196931
B8A,B01,D11,0.272169023497554
B8A,B01,D12,-0.260632884805091
B8A,B02,D01,-2.0561191611996
B8A,B02,D02,2.06840005589765
B8A,B02,D03,-2.02940928439784
B8A,B02,D04,2.04756785370409
B8A,B02,D05,-2.01495017910202
B8A,B02,D06,2.03688482080179
B8A,B02,D07,-2.01068985710299
B8A,B02,D08,2.03891761680279
B8A,B02,D09,-2.01788117380056
B8A,B02,D10,2.05321801910031
B8A,B02,D11,-2.03665009659744
B8A,B02,D12,2.07942137339705
B8A,B03,D01,-1.53058128039993
B8A,B03,D02,1.54401551269984
B8A,B03,D03,-1.51012337219436
B8A,B03,D04,1.52907751149905
B8A,B03,D05,-1.50016538480122
B8A,B03,D06,1.52114176849864
B8A,B03,D07,-1.49762680369895
B8A,B03,D08,1.52266075010266
B8A,B03,D09,-1.50128451579803
B8A,B03,D10,1.53339876770042
B8A,B03,D11,-1.51667363460001
B8A,B03,D12,1.55219435619802
B8A,B04,D01,-1.04857928580168
B8A,B04,D02,1.05917847919773
B8A,B04,D03,-1.03475767129567
B8A,B04,D04,1.04887118750048
B8A,B04,D05,-1.02750000599917
B8A,B04,D06,1.04318541690009
B8A,B04,D07,-1.02581749099772
B8A,B04,D08,1.0445219043977
B8A,B04,D09,-1.02858341480169
B8A,B04,D10,1.05183742180088
B8A,B04,D11,-1.03778883090126
B8A,B04,D12,1.06558620609576
B8A,B05,D01,-0.784686924402195
B8A,B05,D02,0.796411809598794
B8A,B05,D03,-0.774114887295582
B8A,B05,D04,0.788954117699177
B8A,B05,D05,-0.768671488302061
B8A,B05,D06,0.784254435100593
B8A,B05,D07,-0.767253304002224
B8A,B05,D08,0.785648464203405
B8A,B05,D09,-0.769231033300457
B8A,B05,D10,0.790873326601286
B8A,B05,D11,-0.777103536398499
B8A,B05,D12,0.802064901698031
B8A,B06,D01,-0.523881102999439
B8A,B06,D02,0.530295872296847
B8A,B06,D03,-0.516721298998164
B8A,B06,D04,0.525084111905017
B8A,B06,D05,-0.512767106498359
B8A,B06,D06,0.52276578819874
B8A,B06,D07,-0.512733944800857
B8A,B06,D08,0.523717346302874
B8A,B06,D09,-0.513964899197163
B8A,B06,D10,0.527436929405667
B8A,B06,D11,-0.518866815196816
B8A,B06,D12,0.532783738795843
B8A,B07,D01,-0.259889130102238
B8A,B07,D02,0.266501324193086
B8A,B07,D03,-0.256908311799634
B8A,B07,D04,0.263872786199499
B8A,B07,D05,-0.254958288896887
B8A,B07,D06,0.262265430399566
B8A,B07,D07,-0.254052974501974
B8A,B07,D08,0.263274126002216
B8A,B07,D09,-0.254791815495992
B8A,B07,D10,0.265068826003699
B8A,B07,D11,-0.257463534297131
B8A,B07,D12,0.268404945294606
B8A,B08,D01,-1.79349562760035
B8A,B08,D02,1.80670006809669
B8A,B08,D03,-1.77014279069408
B8A,B08,D04,1.78862552280043
B8A,B08,D05,-1.75775502860051
B8A,B08,D06,1.7797482547976
B8A,B08,D07,-1.75414569619898
B8A,B08,D08,1.78139301190095
B8A,B08,D09,-1.75969725159666
B8A,B08,D10,1.79392189720238
B8A,B08,D11,-1.77700699449633
B8A,B08,D12,1.81617962659948
B8A,B09,D01,0.54085178119567
B8A,B09,D02,-0.533157533805934
B8A,B09,D03,0.533812350404332
B8A,B09,D04,-0.526456416300789
B8A,B09,D05,0.529429784597596
B8A,B09,D06,-0.524766237896984
B8A,B09,D07,0.529506609396776
B8A,B09,D08,-0.523883245703473
B8A,B09,D09,0.533489237299364
B8A,B09,D10,-0.528228981893335
B8A,B09,D11,0.536735102097737
B8A,B09,D12,-0.535115116705129
B8A,B10,D01,-1.17889581750205
B8A,B10,D02,1.21119326249755
B8A,B10,D03,-1.1608845354931
B8A,B10,D04,1.19784138120303
B8A,B10,D05,-1.15169926879753
B8A,B10,D06,1.1949753539011
B8A,B10,D07,-1.15073377179942
B8A,B10,D08,1.19773533169791
B8A,B10,D09,-1.15016350660153
B8A,B10,D10,1.2061719386038
B8A,B10,D11,-1.16475863639789
B8A,B10,D12,1.22578740229801
B8A,B11,D01,-0.554161285101145
B8A,B11,D02,0.579969465899922
B8A,B11,D03,-0.545188268297352
B8A,B11,D04,0.573053294800047
B8A,B11,D05,-0.540165733502363
B8A,B11,D06,0.574093608200201
B8A,B11,D07,-0.539938913199876
B8A,B11,D08,0.574813034298131
B8A,B11,D09,-0.537692413301556
B8A,B11,D10,0.578965676402731
B8A,B11,D11,-0.544985529297264
B8A,B11,D12,0.587501639398397
B8A,B12,D01,0.0691585387976375
B8A,B12,D02,-0.0518296000009286
B8A,B12,D03,0.0705678891026764
B8A,B12,D04,-0.0514952117009671
B8A,B12,D05,0.0715847691026283
B8A,B12,D06,-0.0477275891025784
B8A,B12,D07,0.070325048196537
B8A,B12,D08,-0.0476655032980489
B8A,B12,D09,0.0748245446011424
B8A,B12,D10,-0.0479157428999315
B8A,B12,D11,0.0733102536978549
B8A,B12,D12,-0.047190284501994
B09,B01,D01,-0.266513703303644
B09,B01,D02,0.273349111499556
B09,B01,D03,-0.262712965901301
B09,B01,D04,0.270309747000283
B09,B01,D05,-0.261241560197959
B09,B01,D06,0.269807587101241
B09,B01,D07,-0.260593555598462
B09,B01,D08,0.268865091704356
B09,B01,D09,-0.262997854602872
B09,B01,D10,0.271871938501135
B09,B01,D11,-0.264555220899638
B09,B01,D12,0.274465519498335
B09,B02,D01,-2.59690092580422
B09,B02,D02,2.60147399289417
B09,B02,D03,-2.56314818929968
B09,B02,D04,2.57390363320155
B09,B02,D05,-2.54429904300196
B09,B02,D06,2.56150661200081
B09,B02,D07,-2.5401043016027
B09,B02,D08,2.56264083150018
B09,B02,D09,-2.55126377050328
B09,B02,D10,2.58128702059912
B09,B02,D11,-2.57326150160225
B09,B02,D12,2.61439683739445
B09,B03,D01,-2.07137969569885
B09,B03,D02,2.07710392329318
B09,B03,D03,-2.04387972530094
B09,B03,D04,2.05543510990537
B09,B03,D05,-2.02953315839841
B09,B03,D06,2.04578991160088
B09,B03,D07,-2.02706261719868
B09,B03,D08,2.04641322150565
B09,B03,D09,-2.03469164680428
B09,B03,D10,2.06149681290117
B09,B03,D11,-2.05331332250353
B09,B03,D12,2.08719455169921
B09,B04,D01,-1.58939171610109
B09,B04,D02,1.59228136419551
B09,B04,D03,-1.56852879749931
B09,B04,D04,1.57525022930349
B09,B04,D05,-1.5568840736014
B09,B04,D06,1.56785921990377
B09,B04,D07,-1.55527168550179
B09,B04,D08,1.56830282480223
B09,B04,D09,-1.56201178110496
B09,B04,D10,1.57996381790144
B09,B04,D11,-1.57445298500534
B09,B04,D12,1.60061096999561
B09,B05,D01,-1.32550673690275
B09,B05,D02,1.32952308359381
B09,B05,D03,-1.30789365810051
B09,B05,D04,1.31534512230428
B09,B05,D05,-1.2980639137968
B09,B05,D06,1.30894258870103
B09,B05,D07,-1.29671717489691
B09,B05,D08,1.30944527940301
B09,B05,D09,-1.30267056800221
B09,B05,D10,1.31901561909763
B09,B05,D11,-1.31378054770175
B09,B05,D12,1.33710344149586
B09,B06,D01,-1.06470776419883
B09,B06,D02,1.06341603729379
B09,B06,D03,-1.05050738430145
B09,B06,D04,1.05148764580372
B09,B06,D05,-1.04216757499671
B09,B06,D06,1.04746881860046
B09,B06,D07,-1.04220686919871
B09,B06,D08,1.04753071730374
B09,B06,D09,-1.04741491150344
B09,B06,D10,1.05559573510254
B09,B06,D11,-1.05555606550479
B09,B06,D12,1.06783682109381
B09,B07,D01,-0.800722523097647
B09,B07,D02,0.799630247696769
B09,B07,D03,-0.790701367601287
B09,B07,D04,0.790289055999892
B09,B07,D05,-0.784366377600236
B09,B07,D06,0.786983731399232
B09,B07,D07,-0.783534799898917
B09,B07,D08,0.787104301503859
B09,B07,D09,-0.788252083999396
B09,B07,D10,0.793244520100416
B09,B07,D11,-0.794164833103423
B09,B07,D12,0.803472820298339
B09,B08,D01,-2.3342858153992
B09,B08,D02,2.33978123379347
B09,B08,D03,-2.30389052940154
B09,B08,D04,2.31497205940104
B09,B08,D05,-2.28711356539861
B09,B08,D06,2.30438308320299
B09,B08,D07,-2.28357111960213
B09,B08,D08,2.30513064140541
B09,B08,D09,-2.29309235990513
B09,B08,D10,2.32200518910395
B09,B08,D11,-2.31363277709897
B09,B08,D12,2.35116729189758
B09,B8A,D01,-0.540839611603587
B09,B8A,D02,0.533138222795969
B09,B8A,D03,-0.533799628101406
B09,B8A,D04,0.526429313002154
B09,B8A,D05,-0.529415415003314
B09,B8A,D06,0.524733950303926
B09,B8A,D07,-0.529490304099454
B09,B8A,D08,0.523847602700698
B09,B8A,D09,-0.533469945599791
B09,B8A,D10,0.528193146397825
B09,B8A,D11,-0.536712851200718
B09,B8A,D12,0.53508338919346
B09,B10,D01,-1.71970468619838
B09,B10,D02,1.74428852989513
B09,B10,D03,-1.6946518265031
B09,B10,D04,1.72421393469995
B09,B10,D05,-1.68107813959796
B09,B10,D06,1.71964010089869
B09,B10,D07,-1.6801839014006
B09,B10,D08,1.72150643140049
B09,B10,D09,-1.68358712489862
B09,B10,D10,1.73428937730205
B09,B10,D11,-1.70141143129877
B09,B10,D12,1.76080557359819
B09,B11,D01,-1.09498690340115
B09,B11,D02,1.11308494989498
B09,B11,D03,-1.07897313930152
B09,B11,D04,1.09945465250348
B09,B11,D05,-1.06956397920294
B09,B11,D06,1.09879324230133
B09,B11,D07,-1.06941066130094
B09,B11,D08,1.09862295040512
B09,B11,D09,-1.07114157490287
B09,B11,D10,1.10712159710238
B09,B11,D11,-1.08167336430051
B09,B11,D12,1.12255262839608
B09,B12,D01,-0.471682401002909
B09,B12,D02,0.481306956695335
B09,B12,D03,-0.463232936701388
B09,B12,D04,0.474937117403897
B09,B12,D05,-0.45783104160364
B09,B12,D06,0.477008742498583
B09,B12,D07,-0.459167074201105
B09,B12,D08,0.476185041901772
B09,B12,D09,-0.458648685998924
B09,B12,D10,0.480280942298123
B09,B12,D11,-0.46340532060276
B09,B12,D12,0.487896779297444
B10,B01,D01,1.45308626169572
B10,B01,D02,-1.47077466759947
B10,B01,D03,1.4318693315945
B10,B01,D04,-1.45381521959644
B10,B01,D05,1.41981478579692
B10,B01,D06,-1.44981964989711
B10,B01,D07,1.41959655779647
B10,B01,D08,-1.45266853199428
B10,B01,D09,1.42063762299949
B10,B01,D10,-1.46245721619925
B10,B01,D11,1.43699131120229
B10,B01,D12,-1.48635194479721
B10,B02,D01,-0.877131385204848
B10,B02,D02,0.857066967000719
B10,B02,D03,-0.868452706199605
B10,B02,D04,0.849645684400457
B10,B02,D05,-0.863192513301328
B10,B02,D06,0.841852776604355
B10,B02,D07,-0.859930300204724
B10,B02,D08,0.841142261800997
B10,B02,D09,-0.867711198501638
B10,B02,D10,0.847010636302002
B10,B02,D11,-0.871881734201452
B10,B02,D12,0.853595953900367
B10,B03,D01,-0.351648031704826
B10,B03,D02,0.332760168006644
B10,B03,D03,-0.349209205603984
B10,B03,D04,0.331205918402702
B10,B03,D05,-0.34843807190191
B10,B03,D06,0.326141928504512
B10,B03,D07,-0.346885129802104
B10,B03,D08,0.324906945803377
B10,B03,D09,-0.351120577201073
B10,B03,D10,0.327208504604641
B10,B03,D11,-0.351895066902216
B10,B03,D12,0.326389844398363
B10,B04,D01,0.13030308479938
B10,B04,D02,-0.152003566297935
B10,B04,D03,0.126118182597565
B10,B04,D04,-0.148952559196914
B10,B04,D05,0.124201428996457
B10,B04,D06,-0.151783298693772
B10,B04,D07,0.124908839199634
B10,B04,D08,-0.153210639393365
B10,B04,D09,0.121576944700792
B10,B04,D10,-0.154335613297008
B10,B04,D11,0.126999674997933
B10,B04,D12,-0.160197092998715
B10,B05,D01,0.39416951219755
B10,B05,D02,-0.414730613600113
B10,B05,D03,0.386740184294467
B10,B05,D04,-0.408842871795059
B10,B05,D05,0.383015367900953
B10,B05,D06,-0.410696908598766
B10,B05,D07,0.383465642800729
B10,B05,D08,-0.412071976999869
B10,B05,D09,0.380928020400461
B10,B05,D10,-0.415289892494911
B10,B05,D11,0.387691333096882
B10,B05,D12,-0.423706495799706
B10,B06,D01,0.654948641000374
B10,B06,D02,-0.680806106000091
B10,B06,D03,0.644114557995636
B10,B06,D04,-0.672685292200185
B10,B06,D05,0.638906727894209
B10,B06,D06,-0.672167452095891
B10,B06,D07,0.63797748379875
B10,B06,D08,-0.673990907496773
B10,B06,D09,0.636192628000572
B10,B06,D10,-0.678715992595244
B10,B06,D11,0.645934378000675
B10,B06,D12,-0.692975056095747
B10,B07,D01,0.918915293899772
B10,B07,D02,-0.944558528099151
B10,B07,D03,0.903907684900332
B10,B07,D04,-0.933868884800177
B10,B07,D05,0.89670163779374
B10,B07,D06,-0.932649978298286
B10,B07,D07,0.896651540700987
B10,B07,D08,-0.934420979094284
B10,B07,D09,0.895364532894746
B10,B07,D10,-0.941073132300517
B10,B07,D11,0.907344790000934
B10,B07,D12,-0.957340894201479
B10,B08,D01,-0.614535879401956
B10,B08,D02,0.595404883402807
B10,B08,D03,-0.609207892804989
B10,B08,D04,0.590728309405677
B10,B08,D05,-0.606012254706002
B10,B08,D06,0.584731624505366
B10,B08,D07,-0.603394482204749
B10,B08,D08,0.58362810840481
B10,B08,D09,-0.60953015130508
B10,B08,D10,0.587722923504771
B10,B08,D11,-0.612233449501218
B10,B08,D12,0.590364542302268
B10,B8A,D01,1.17877851889352
B10,B8A,D02,-1.21101742229803
B10,B8A,D03,1.16079665629513
B10,B8A,D04,-1.19771245649463
B10,B8A,D05,1.15164741909393
B10,B8A,D06,-1.1948965315969
B10,B8A,D07,1.15069864399993
B10,B8A,D08,-1.19768192099582
B10,B8A,D09,1.15015536639839
B10,B8A,D10,-1.20613094489818
B10,B8A,D11,1.16481614689837
B10,B8A,D12,-1.22573216069577
B10,B09,D01,1.71957953009405
B10,B09,D02,-1.74408871869673
B10,B09,D03,1.6945701427976
B10,B09,D04,-1.72411085799831
B10,B09,D05,1.68105341689807
B10,B09,D06,-1.71962442489894
B10,B09,D07,1.68019210979401
B10,B09,D08,-1.72153768949647
B10,B09,D09,1.6836446538
B10,B09,D10,-1.73433708589437
B10,B09,D11,1.70156550819956
B10,B09,D12,-1.76081946659542
B10,B11,D01,0.624668401294912
B10,B11,D02,-0.631127011896751
B10,B11,D03,0.615645913996559
B10,B11,D04,-0.624721778898675
B10,B11,D05,0.611499049700797
B10,B11,D06,-0.620840362396848
B10,B11,D07,0.610771813597239
B10,B11,D08,-0.622895156899176
B10,B11,D09,0.612465831698501
B10,B11,D10,-0.627184199998737
B10,B11,D11,0.61981398199714
B10,B11,D12,-0.638258210899949
B10,B12,D01,1.24792693030031
B10,B12,D02,-1.26282347169763
B10,B12,D03,1.23135424869542
B10,B12,D04,-1.24920403389842
B10,B12,D05,1.22321654090047
B10,B12,D06,-1.242617427597
B10,B12,D07,1.22101900899725
B10,B12,D08,-1.24534183729702
B10,B12,D09,1.22498248310148
B10,B12,D10,-1.25403997740068
B10,B12,D11,1.23812608420121
B10,B12,D12,-1.27291844749561
B11,B01,D01,0.828428587294184
B11,B01,D02,-0.839700105098018
B11,B01,D03,0.81624019859737
B11,B01,D04,-0.829143526898406
B11,B01,D05,0.808338902803371
B11,B01,D06,-0.829030336099095
B11,B01,D07,0.808850321503996
B11,B01,D08,-0.829830097100057
B11,B01,D09,0.808198400700348
B11,B01,D10,-0.835341663696454
B11,B01,D11,0.817204236496764
B11,B01,D12,-0.848181070497958
B11,B02,D01,-1.50182337030128
B11,B02,D02,1.48828072580363
B11,B02,D03,-1.48413492050167
B11,B02,D04,1.47444814470509
B11,B02,D05,-1.47473743859882
B11,B02,D06,1.46277364649723
B11,B02,D07,-1.47075657729874
B11,B02,D08,1.46412641929783
B11,B02,D09,-1.48023485299927
B11,B02,D10,1.47429895820096
B11,B02,D11,-1.49175427650334
B11,B02,D12,1.49198986429838
B11,B03,D01,-0.97633018540364
B11,B03,D02,0.963944791801623
B11,B03,D03,-0.96487728790089
B11,B03,D04,0.955981268998585
B11,B03,D05,-0.959965289897809
B11,B03,D06,0.947035595097987
B11,B03,D07,-0.957691110597807
B11,B03,D08,0.947860877597122
B11,B03,D09,-0.96362277570006
B11,B03,D10,0.954460555403784
B11,B03,D11,-0.971745773400471
B11,B03,D12,0.964736372698098
B11,B04,D01,-0.494371587905334
B11,B04,D02,0.479152951906144
B11,B04,D03,-0.489538142799574
B11,B04,D04,0.475796450999042
B11,B04,D05,-0.48731052189396
B11,B04,D06,0.469083888398018
B11,B04,D07,-0.485879681495135
B11,B04,D08,0.469713955797488
B11,B04,D09,-0.490906820203236
B11,B04,D10,0.47288139720331
B11,B04,D11,-0.492832280498988
B11,B04,D12,0.478104682901176
B11,B05,D01,-0.230501082201954
B11,B05,D02,0.21641027660371
B11,B05,D03,-0.228910140496737
B11,B05,D04,0.215891434105288
B11,B05,D05,-0.228488785098307
B11,B05,D06,0.210155470398604
B11,B05,D07,-0.227313709001464
B11,B05,D08,0.210836266298429
B11,B05,D09,-0.231546097500541
B11,B05,D10,0.211907578501268
B11,B05,D11,-0.232130910204432
B11,B05,D12,0.214570215102867
B11,B06,D01,0.030281414197816
B11,B06,D02,-0.0496814188954886
B11,B06,D03,0.0284700349002378
B11,B06,D04,-0.047966320096748
B11,B06,D05,0.027410107300966
B11,B06,D06,-0.0513304267005879
B11,B06,D07,0.027206732898776
B11,B06,D08,-0.0510997692981618
B11,B06,D09,0.0237275850013248
B11,B06,D10,-0.0515387414998258
B11,B06,D11,0.026121339200472
B11,B06,D12,-0.0547245728012058
B11,B07,D01,0.294251520397665
B11,B07,D02,-0.313450331297645
B11,B07,D03,0.288268555501418
B11,B07,D04,-0.30916544359934
B11,B07,D05,0.285212111302826
B11,B07,D06,-0.311828676298319
B11,B07,D07,0.28588923119969
B11,B07,D08,-0.311547070501547
B11,B07,D09,0.28290834769723
B11,B07,D10,-0.313916255399818
B11,B07,D11,0.287540705598076
B11,B07,D12,-0.319116423997912
B11,B08,D01,-1.23922296230012
B11,B08,D02,1.22660430510587
B11,B08,D03,-1.22488297089876
B11,B08,D04,1.21551740070572
B11,B08,D05,-1.21754810469429
B11,B08,D06,1.2056390614016
B11,B08,D07,-1.2142103590013
B11,B08,D08,1.20659734609944
B11,B08,D09,-1.22204288079956
B11,B08,D10,1.21499338830472
B11,B08,D11,-1.23209489140572
B11,B08,D12,1.22873518890265
B11,B8A,D01,0.554117534993566
B11,B8A,D02,-0.579926198297471
B11,B8A,D03,0.5451625666974
B11,B8A,D04,-0.573025058096391
B11,B8A,D05,0.540164744306821
B11,B8A,D06,-0.574091376198339
B11,B8A,D07,0.539944354801264
B11,B8A,D08,-0.574825958996371
B11,B8A,D09,0.537707530900661
B11,B8A,D10,-0.578995345895237
B11,B8A,D11,0.545020519995887
B11,B8A,D12,-0.587534440295713
B11,B09,D01,1.09492401609896
B11,B09,D02,-1.11303230459453
B11,B09,D03,1.07894566949835
B11,B09,D04,-1.09945635099575
B11,B09,D05,1.06958419330476
B11,B09,D06,-1.09885252149979
B11,B09,D07,1.06945330979943
B11,B09,D08,-1.0987183269026
B11,B09,D09,1.07121329849906
B11,B09,D10,-1.10724499339995
B11,B09,D11,1.08178629089525
B11,B09,D12,-1.12267717829673
B11,B10,D01,-0.624676502804505
B11,B10,D02,0.631164957805595
B11,B10,D03,-0.615659487499215
B11,B10,D04,0.624757491605124
B11,B10,D05,-0.611517117693438
B11,B10,D06,0.62087629459711
B11,B10,D07,-0.610792522595148
B11,B10,D08,0.622935496503487
B11,B10,D09,-0.612488090402621
B11,B10,D10,0.627232665603515
B11,B10,D11,-0.61983744220197
B11,B10,D12,0.63832191759866
B11,B12,D01,0.623265807596908
B11,B12,D02,-0.63173642539914
B11,B12,D03,0.615720474103
B11,B12,D04,-0.624519834600506
B11,B12,D05,0.611733818805078
B11,B12,D06,-0.621814914200513
B11,B12,D07,0.610266548203072
B11,B12,D08,-0.622488321496348
B11,B12,D09,0.612537233100738
B11,B12,D10,-0.626905540993903
B11,B12,D11,0.618332724094216
B11,B12,D12,-0.634723102302814
B12,B01,D01,0.205161797603068
B12,B01,D02,-0.207964642999286
B12,B01,D03,0.200519364101638
B12,B01,D04,-0.204625072299677
B12,B01,D05,0.196605011398788
B12,B01,D06,-0.207215463000466
B12,B01,D07,0.198583526798757
B12,B01,D08,-0.207342469795549
B12,B01,D09,0.195660832403519
B12,B01,D10,-0.208439300200553
B12,B01,D11,0.198870321801223
B12,B01,D12,-0.213465294698835
B12,B02,D01,-2.12507315539551
B12,B02,D02,2.12005271470116
B12,B02,D03,-2.09984880490083
B12,B02,D04,2.09897811510018
B12,B02,D05,-2.08646852739912
B12,B02,D06,2.08458944500308
B12,B02,D07,-2.08102056620555
B12,B02,D08,2.08661772320193
B12,B02,D09,-2.09276648899686
B12,B02,D10,2.10122130119998
B12,B02,D11,-2.1100748470999
B12,B02,D12,2.12676123250276
B12,B03,D01,-1.59958385239588
B12,B03,D02,1.59570864480338
B12,B03,D03,-1.58059277889697
B12,B03,D04,1.58050874809851
B12,B03,D05,-1.57169707499997
B12,B03,D06,1.56885119710205
B12,B03,D07,-1.56795580290054
B12,B03,D08,1.57035137960338
B12,B03,D09,-1.57615579389676
B12,B03,D10,1.58137835500384
B12,B03,D11,-1.59006944550492
B12,B03,D12,1.59949510720617
B12,B04,D01,-1.11762895550055
B12,B04,D02,1.11090922889707
B12,B04,D03,-1.10525510209845
B12,B04,D04,1.10032163999858
B12,B04,D05,-1.09904290430131
B12,B04,D06,1.09089930399932
B12,B04,D07,-1.09614498100564
B12,B04,D08,1.09220370700496
B12,B04,D09,-1.10344111319864
B12,B04,D10,1.09979497019958
B12,B04,D11,-1.11115871790389
B12,B04,D12,1.11285219630372
B12,B05,D01,-0.853760324098403
B12,B05,D02,0.848162524198415
B12,B05,D03,-0.844627903701621
B12,B05,D04,0.840415339596802
B12,B05,D05,-0.840221492602723
B12,B05,D06,0.831970781306154
B12,B05,D07,-0.83757933290326
B12,B05,D08,0.833325620806136
B12,B05,D09,-0.844081089599058
B12,B05,D10,0.838818844800699
B12,B05,D11,-0.850458884902764
B12,B05,D12,0.849311458601733
B12,B06,D01,-0.592979794600979
B12,B06,D02,0.582066752598621
B12,B06,D03,-0.587248466697929
B12,B06,D04,0.57655628160137
B12,B06,D05,-0.584322899099789
B12,B06,D06,0.570484774201759
B12,B06,D07,-0.583059191005305
B12,B06,D08,0.571389129399904
B12,B06,D09,-0.588808047301427
B12,B06,D10,0.575370170001406
B12,B06,D11,-0.592208118105191
B12,B06,D12,0.580010170204332
B12,B07,D01,-0.329011543595698
B12,B07,D02,0.31829353570356
B12,B07,D03,-0.327450717202737
B12,B07,D04,0.315355851998902
B12,B07,D05,-0.326521200498973
B12,B07,D06,0.309986422500515
B12,B07,D07,-0.324376992102771
B12,B07,D08,0.310941443305637
B12,B07,D09,-0.329627925399109
B12,B07,D10,0.31299042019964
B12,B07,D11,-0.330790278800123
B12,B07,D12,0.315612107900961
B12,B08,D01,-1.86247474999982
B12,B08,D02,1.85837234689825
B12,B08,D03,-1.84059767799772
B12,B08,D04,1.84004614110017
B12,B08,D05,-1.82927954119805
B12,B08,D06,1.82745477020217
B12,B08,D07,-1.82447471610067
B12,B08,D08,1.82908823820617
B12,B08,D09,-1.83457523169636
B12,B08,D10,1.8419134900978
B12,B08,D11,-1.85041703820025
B12,B08,D12,1.86350038760429
B12,B8A,D01,-0.0691474607010605
B12,B8A,D02,0.0518133825971745
B12,B8A,D03,-0.070557459795964
B12,B8A,D04,0.0514948393029044
B12,B8A,D05,-0.0715688487980515
B12,B8A,D06,0.0477236096048728
B12,B8A,D07,-0.0703221602016129
B12,B8A,D08,0.0476621106063249
B12,B8A,D09,-0.0748293544966145
B12,B8A,D10,0.0479088942011003
B12,B8A,D11,-0.0733120013028383
B12,B8A,D12,0.0471878682001261
B12,B09,D01,0.471655245404691
B12,B09,D02,-0.481301364001411
B12,B09,D03,0.463224117702339
B12,B09,D04,-0.474939130901475
B12,B09,D05,0.457850058897748
B12,B09,D06,-0.477037761396787
B12,B09,D07,0.45918624800106
B12,B09,D08,-0.476231106695195
B12,B09,D09,0.458675101603149
B12,B09,D10,-0.48034568449657
B12,B09,D11,0.463450870294764
B12,B09,D12,-0.487968034598453
B12,B10,D01,-1.24793288969522
B12,B10,D02,1.26292178239964
B12,B10,D03,-1.23137611379934
B12,B10,D04,1.24928362570063
B12,B10,D05,-1.22324945579749
B12,B10,D06,1.24269171540072
B12,B10,D07,-1.22105772170471
B12,B10,D08,1.24542596330139
B12,B10,D09,-1.22502219610033
B12,B10,D10,1.25415019920183
B12,B10,D11,-1.23816075030481
B12,B10,D12,1.27307713990012
B12,B11,D01,-0.623261268199713
B12,B11,D02,0.631746941202437
B12,B11,D03,-0.615718593799102
B12,B11,D04,0.624522903599427
B12,B11,D05,-0.611733101199206
B12,B11,D06,0.621815177604731
B12,B11,D07,-0.610265870804142
B12,B11,D08,0.622489247703925
B12,B11,D09,-0.612535606000165
B12,B11,D10,0.626911267900141
B12,B11,D11,-0.618329216202255
B12,B11,D12,0.634737952903379
