B1;B2;D01;-2.328246203
B1;B2;D02;2.323503465
B1;B2;D03;-2.297386973
B1;B2;D04;2.299412183
B1;B2;D05;-2.281183515
B1;B2;D06;2.288498988
B1;B2;D07;-2.277575403
B1;B2;D08;2.291145473
B1;B2;D09;-2.28694287
B1;B2;D10;2.306125683
B1;B2;D11;-2.308971417
B1;B2;D12;2.33695909
B1;B3;D01;-1.803974866
B1;B3;D02;1.800394168
B1;B3;D03;-1.779650717
B1;B3;D04;1.782230771
B1;B3;D05;-1.767446303
B1;B3;D06;1.773187829
B1;B3;D07;-1.764805265
B1;B3;D08;1.775813012
B1;B3;D09;-1.771743867
B1;B3;D10;1.787401022
B1;B3;D11;-1.790434105
B1;B3;D12;1.811361872
B1;B4;D01;-1.322046133
B1;B4;D02;1.316522733
B1;B4;D03;-1.304520612
B1;B4;D04;1.303238678
B1;B4;D05;-1.295730355
B1;B4;D06;1.296405378
B1;B4;D07;-1.293384426
B1;B4;D08;1.29819585
B1;B4;D09;-1.298752591
B1;B4;D10;1.306980348
B1;B4;D11;-1.311256216
B1;B4;D12;1.324676708
B1;B5;D01;-1.058700831
B1;B5;D02;1.05380624
B1;B5;D03;-1.044677172
B1;B5;D04;1.043821359
B1;B5;D05;-1.037768099
B1;B5;D06;1.037431787
B1;B5;D07;-1.035929
B1;B5;D08;1.039856121
B1;B5;D09;-1.040300167
B1;B5;D10;1.046600614
B1;B5;D11;-1.049810156
B1;B5;D12;1.061453632
B1;B6;D01;-0.798069393
B1;B6;D02;0.788078568
B1;B6;D03;-0.787742484
B1;B6;D04;0.780505835
B1;B6;D05;-0.782581263
B1;B6;D06;0.776145315
B1;B6;D07;-0.781078252
B1;B6;D08;0.777328638
B1;B6;D09;-0.784165349
B1;B6;D10;0.782753207
B1;B6;D11;-0.792142271
B1;B6;D12;0.793973619
B1;B7;D01;-0.534557368
B1;B7;D02;0.524694588
B1;B7;D03;-0.527649864
B1;B7;D04;0.519681342
B1;B7;D05;-0.524532014
B1;B7;D06;0.517068392
B1;B7;D07;-0.523304229
B1;B7;D08;0.517443789
B1;B7;D09;-0.525337517
B1;B7;D10;0.520671117
B1;B7;D11;-0.530218451
B1;B7;D12;0.528518241
B1;B8;D01;-2.066306514
B1;B8;D02;2.062442814
B1;B8;D03;-2.038550853
B1;B8;D04;2.041563621
B1;B8;D05;-2.024691023
B1;B8;D06;2.031580464
B1;B8;D07;-2.021481186
B1;B8;D08;2.03405082
B1;B8;D09;-2.028983273
B1;B8;D10;2.047393842
B1;B8;D11;-2.049519162
B1;B8;D12;2.075034418
B1;B8a;D01;-0.27452774
B1;B8a;D02;0.259146261
B1;B8a;D03;-0.270501171
B1;B8a;D04;0.256619837
B1;B8a;D05;-0.269299027
B1;B8a;D06;0.254935842
B1;B8a;D07;-0.268796823
B1;B8a;D08;0.255147992
B1;B8a;D09;-0.269925849
B1;B8a;D10;0.256825263
B1;B8a;D11;-0.272514902
B1;B8a;D12;0.261022391
B1;B9;D01;0.267535025
B1;B9;D02;-0.273338357
B1;B9;D03;0.26441529
B1;B9;D04;-0.270690165
B1;B9;D05;0.262221737
B1;B9;D06;-0.269079934
B1;B9;D07;0.261789424
B1;B9;D08;-0.269443411
B1;B9;D09;0.263182444
B1;B9;D10;-0.271446186
B1;B9;D11;0.264659907
B1;B9;D12;-0.274407489
B1;B10;D01;-1.443826945
B1;B10;D02;1.475030609
B1;B10;D03;-1.427503027
B1;B10;D04;1.459079728
B1;B10;D05;-1.414805288
B1;B10;D06;1.453789454
B1;B10;D07;-1.412345936
B1;B10;D08;1.454472582
B1;B10;D09;-1.415296918
B1;B10;D10;1.465879033
B1;B10;D11;-1.431336119
B1;B10;D12;1.486288092
B1;B11;D01;-0.82027217
B1;B11;D02;0.844349692
B1;B11;D03;-0.810375116
B1;B11;D04;0.834758743
B1;B11;D05;-0.803545584
B1;B11;D06;0.832504625
B1;B11;D07;-0.802085785
B1;B11;D08;0.833904127
B1;B11;D09;-0.802603914
B1;B11;D10;0.84205226
B1;B11;D11;-0.811724476
B1;B11;D12;0.854203313
B1;B12;D01;-0.196139032
B1;B12;D02;0.214012906
B1;B12;D03;-0.194576135
B1;B12;D04;0.211374352
B1;B12;D05;-0.192937513
B1;B12;D06;0.212087197
B1;B12;D07;-0.191985863
B1;B12;D08;0.212907461
B1;B12;D09;-0.190782442
B1;B12;D10;0.216932789
B1;B12;D11;-0.193740146
B1;B12;D12;0.220229565
B2;B1;D01;2.328288327
B2;B1;D02;-2.323354779
B2;B1;D03;2.297390772
B2;B1;D04;-2.299360378
B2;B1;D05;2.281172863
B2;B1;D06;-2.288489297
B2;B1;D07;2.277564563
B2;B1;D08;-2.291132316
B2;B1;D09;2.286942798
B2;B1;D10;-2.306068963
B2;B1;D11;2.30899959
B2;B1;D12;-2.336797026
B2;B3;D01;0.524285553
B2;B3;D02;-0.523080876
B2;B3;D03;0.517749899
B2;B3;D04;-0.517167722
B2;B3;D05;0.513757337
B2;B3;D06;-0.515302068
B2;B3;D07;0.512801261
B2;B3;D08;-0.515313079
B2;B3;D09;0.515245602
B2;B3;D10;-0.518691048
B2;B3;D11;0.518599256
B2;B3;D12;-0.525537007
B2;B4;D01;1.006218326
B2;B4;D02;-1.006907086
B2;B4;D03;0.992862923
B2;B4;D04;-0.996144184
B2;B4;D05;0.985441559
B2;B4;D06;-0.992084672
B2;B4;D07;0.984178619
B2;B4;D08;-0.992937302
B2;B4;D09;0.988182676
B2;B4;D10;-0.999114937
B2;B4;D11;0.997720722
B2;B4;D12;-1.012208078
B2;B5;D01;1.269585237
B2;B5;D02;-1.269627311
B2;B5;D03;1.252727035
B2;B5;D04;-1.255572481
B2;B5;D05;1.243423349
B2;B5;D06;-1.251070178
B2;B5;D07;1.241654415
B2;B5;D08;-1.251292205
B2;B5;D09;1.246660544
B2;B5;D10;-1.259501665
B2;B5;D11;1.259202477
B2;B5;D12;-1.275422014
B2;B6;D01;1.530195115
B2;B6;D02;-1.535322115
B2;B6;D03;1.509646276
B2;B6;D04;-1.518866838
B2;B6;D05;1.498604707
B2;B6;D06;-1.512341362
B2;B6;D07;1.496510631
B2;B6;D08;-1.513794187
B2;B6;D09;1.50281321
B2;B6;D10;-1.523314587
B2;B6;D11;1.516901476
B2;B6;D12;-1.542851302
B2;B7;D01;1.793710153
B2;B7;D02;-1.798713336
B2;B7;D03;1.769737878
B2;B7;D04;-1.779695548
B2;B7;D05;1.756654291
B2;B7;D06;-1.771418684
B2;B7;D07;1.754290885
B2;B7;D08;-1.773678695
B2;B7;D09;1.761655578
B2;B7;D10;-1.785395589
B2;B7;D11;1.77884425
B2;B7;D12;-1.808299707
B2;B8;D01;0.261932423
B2;B8;D02;-0.261040198
B2;B8;D03;0.258828197
B2;B8;D04;-0.257838023
B2;B8;D05;0.256489187
B2;B8;D06;-0.256911522
B2;B8;D07;0.256099516
B2;B8;D08;-0.25708067
B2;B8;D09;0.257977345
B2;B8;D10;-0.258709322
B2;B8;D11;0.259484449
B2;B8;D12;-0.26188648
B2;B8a;D01;2.053762589
B2;B8a;D02;-2.064241673
B2;B8a;D03;2.026889101
B2;B8a;D04;-2.042762344
B2;B8a;D05;2.011877265
B2;B8a;D06;-2.033566136
B2;B8a;D07;2.008778737
B2;B8a;D08;-2.035995259
B2;B8a;D09;2.017038601
B2;B8a;D10;-2.049251761
B2;B8a;D11;2.036515357
B2;B8a;D12;-2.07578696
B2;B9;D01;2.595836672
B2;B9;D02;-2.596693235
B2;B9;D03;2.561817179
B2;B9;D04;-2.570058003
B2;B9;D05;2.543405797
B2;B9;D06;-2.557579245
B2;B9;D07;2.539370321
B2;B9;D08;-2.560586915
B2;B9;D09;2.550157147
B2;B9;D10;-2.5775148
B2;B9;D11;2.573717346
B2;B9;D12;-2.611183244
B2;B10;D01;0.884427281
B2;B10;D02;-0.84841911
B2;B10;D03;0.869872132
B2;B10;D04;-0.840306009
B2;B10;D05;0.866358875
B2;B10;D06;-0.834699989
B2;B10;D07;0.86521191
B2;B10;D08;-0.83665475
B2;B10;D09;0.871637878
B2;B10;D10;-0.840220084
B2;B10;D11;0.87763276
B2;B10;D12;-0.850625839
B2;B11;D01;1.507992577
B2;B11;D02;-1.479060407
B2;B11;D03;1.487014975
B2;B11;D04;-1.46462597
B2;B11;D05;1.47764228
B2;B11;D06;-1.455991444
B2;B11;D07;1.4755049
B2;B11;D08;-1.45723256
B2;B11;D09;1.484374768
B2;B11;D10;-1.464038927
B2;B11;D11;1.497320353
B2;B11;D12;-1.482645396
B2;B12;D01;2.132162019
B2;B12;D02;-2.10936337
B2;B12;D03;2.102827789
B2;B12;D04;-2.088002011
B2;B12;D05;2.088250223
B2;B12;D06;-2.076410315
B2;B12;D07;2.085598102
B2;B12;D08;-2.078230152
B2;B12;D09;2.096187414
B2;B12;D10;-2.089147047
B2;B12;D11;2.115292049
B2;B12;D12;-2.116584191
B3;B1;D01;1.80399061
B3;B1;D02;-1.800296923
B3;B1;D03;1.779639931
B3;B1;D04;-1.782199113
B3;B1;D05;1.767421124
B3;B1;D06;-1.773186942
B3;B1;D07;1.764771578
B3;B1;D08;-1.775818863
B3;B1;D09;1.771708
B3;B1;D10;-1.787384186
B3;B1;D11;1.790407723
B3;B1;D12;-1.811281039
B3;B2;D01;-0.52428095
B3;B2;D02;0.523086095
B3;B2;D03;-0.517746379
B3;B2;D04;0.517170122
B3;B2;D05;-0.513752634
B3;B2;D06;0.515304011
B3;B2;D07;-0.512794828
B3;B2;D08;0.515316396
B3;B2;D09;-0.515234233
B3;B2;D10;0.518697272
B3;B2;D11;-0.518583715
B3;B2;D12;0.52554987
B3;B4;D01;0.481930755
B3;B4;D02;-0.48383521
B3;B4;D03;0.475116215
B3;B4;D04;-0.478978929
B3;B4;D05;0.471691022
B3;B4;D06;-0.476782292
B3;B4;D07;0.471386193
B3;B4;D08;-0.477623074
B3;B4;D09;0.472950194
B3;B4;D10;-0.480423945
B3;B4;D11;0.479135115
B3;B4;D12;-0.486673784
B3;B5;D01;0.745291568
B3;B5;D02;-0.746553925
B3;B5;D03;0.734975278
B3;B5;D04;-0.738405371
B3;B5;D05;0.729668494
B3;B5;D06;-0.735765258
B3;B5;D07;0.728858269
B3;B5;D08;-0.735975784
B3;B5;D09;0.73142277
B3;B5;D10;-0.740809887
B3;B5;D11;0.740609383
B3;B5;D12;-0.749889447
B3;B6;D01;1.00590544
B3;B6;D02;-1.012255455
B3;B6;D03;0.991897196
B3;B6;D04;-1.001703177
B3;B6;D05;0.984850485
B3;B6;D06;-0.997039438
B3;B6;D07;0.983712876
B3;B6;D08;-0.998481411
B3;B6;D09;0.987570647
B3;B6;D10;-1.004628422
B3;B6;D11;0.998300562
B3;B6;D12;-1.017329355
B3;B7;D01;1.269419302
B3;B7;D02;-1.275644954
B3;B7;D03;1.251989282
B3;B7;D04;-1.26253189
B3;B7;D05;1.242900319
B3;B7;D06;-1.256117306
B3;B7;D07;1.241492136
B3;B7;D08;-1.258367136
B3;B7;D09;1.246409675
B3;B7;D10;-1.2667107
B3;B7;D11;1.260237748
B3;B7;D12;-1.282779696
B3;B8;D01;-0.262346442
B3;B8;D02;0.262042205
B3;B8;D03;-0.258915891
B3;B8;D04;0.259330538
B3;B8;D05;-0.257262077
B3;B8;D06;0.258391268
B3;B8;D07;-0.25669576
B3;B8;D08;0.258233851
B3;B8;D09;-0.257260292
B3;B8;D10;0.25998434
B3;B8;D11;-0.259106348
B3;B8;D12;0.263655656
B3;B8a;D01;1.529466658
B3;B8a;D02;-1.541176203
B3;B8a;D03;1.509139838
B3;B8a;D04;-1.52559703
B3;B8a;D05;1.498125657
B3;B8a;D06;-1.518260994
B3;B8a;D07;1.495984133
B3;B8a;D08;-1.520679843
B3;B8a;D09;1.501799559
B3;B8a;D10;-1.53056515
B3;B8a;D11;1.517917061
B3;B8a;D12;-1.550268282
B3;B9;D01;2.071535533
B3;B9;D02;-2.073634642
B3;B9;D03;2.044064135
B3;B9;D04;-2.05289533
B3;B9;D05;2.029652349
B3;B9;D06;-2.042274675
B3;B9;D07;2.026575227
B3;B9;D08;-2.04527174
B3;B9;D09;2.034916732
B3;B9;D10;-2.058830216
B3;B9;D11;2.055113633
B3;B9;D12;-2.085671479
B3;B10;D01;0.360142531
B3;B10;D02;-0.325343198
B3;B10;D03;0.352127523
B3;B10;D04;-0.323140281
B3;B10;D05;0.352611247
B3;B10;D06;-0.319397705
B3;B10;D07;0.352421363
B3;B10;D08;-0.321341708
B3;B10;D09;0.356406063
B3;B10;D10;-0.321527793
B3;B10;D11;0.359049096
B3;B10;D12;-0.325085601
B3;B11;D01;0.983702914
B3;B11;D02;-0.955991445
B3;B11;D03;0.969265639
B3;B11;D04;-0.947460037
B3;B11;D05;0.963887474
B3;B11;D06;-0.940687402
B3;B11;D07;0.962706563
B3;B11;D08;-0.941917761
B3;B11;D09;0.969132066
B3;B11;D10;-0.945348215
B3;B11;D11;0.978719023
B3;B11;D12;-0.95711821
B3;B12;D01;1.607862521
B3;B12;D02;-1.586300597
B3;B12;D03;1.585075262
B3;B12;D04;-1.570837659
B3;B12;D05;1.574496086
B3;B12;D06;-1.561105894
B3;B12;D07;1.572801884
B3;B12;D08;-1.562915613
B3;B12;D09;1.580946933
B3;B12;D10;-1.570459563
B3;B12;D11;1.596692729
B3;B12;D12;-1.591064661
B4;B1;D01;1.322050827
B4;B1;D02;-1.316474682
B4;B1;D03;1.304520201
B4;B1;D04;-1.303223662
B4;B1;D05;1.295729015
B4;B1;D06;-1.296404523
B4;B1;D07;1.293384867
B4;B1;D08;-1.298196424
B4;B1;D09;1.29875688
B4;B1;D10;-1.306966545
B4;B1;D11;1.311269437
B4;B1;D12;-1.324626973
B4;B2;D01;-1.00620511
B4;B2;D02;1.006933989
B4;B2;D03;-0.992861654
B4;B2;D04;0.996154729
B4;B2;D05;-0.985445078
B4;B2;D06;0.992088332
B4;B2;D07;-0.984183487
B4;B2;D08;0.992942266
B4;B2;D09;-0.988186671
B4;B2;D10;0.999128493
B4;B2;D11;-0.99771891
B4;B2;D12;1.012240746
B4;B3;D01;-0.481928405
B4;B3;D02;0.483843005
B4;B3;D03;-0.475118236
B4;B3;D04;0.478981984
B4;B3;D05;-0.471695863
B4;B3;D06;0.476782057
B4;B3;D07;-0.471394567
B4;B3;D08;0.477621539
B4;B3;D09;-0.472961965
B4;B3;D10;0.480423024
B4;B3;D11;-0.479147928
B4;B3;D12;0.486676144
B4;B5;D01;0.263356254
B4;B5;D02;-0.262718034
B4;B5;D03;0.259855308
B4;B5;D04;-0.259423077
B4;B5;D05;0.257974247
B4;B5;D06;-0.258979822
B4;B5;D07;0.257468356
B4;B5;D08;-0.258349601
B4;B5;D09;0.258467761
B4;B5;D10;-0.26038416
B4;B5;D11;0.261467408
B4;B5;D12;-0.263217318
B4;B6;D01;0.523972475
B4;B6;D02;-0.528425208
B4;B6;D03;0.51677915
B4;B6;D04;-0.522725814
B4;B6;D05;0.513156819
B4;B6;D06;-0.520257798
B4;B6;D07;0.512321738
B4;B6;D08;-0.520860398
B4;B6;D09;0.514611887
B4;B6;D10;-0.524210851
B4;B6;D11;0.519152316
B4;B6;D12;-0.530669978
B4;B7;D01;0.787484918
B4;B7;D02;-0.791813595
B4;B7;D03;0.776871206
B4;B7;D04;-0.78355321
B4;B7;D05;0.771206655
B4;B7;D06;-0.779335892
B4;B7;D07;0.770099991
B4;B7;D08;-0.78074719
B4;B7;D09;0.773448072
B4;B7;D10;-0.786293914
B4;B7;D11;0.781085358
B4;B7;D12;-0.79612168
B4;B8;D01;-0.744270028
B4;B8;D02;0.745886681
B4;B8;D03;-0.734029875
B4;B8;D04;0.738313044
B4;B8;D05;-0.728953782
B4;B8;D06;0.735173948
B4;B8;D07;-0.728085003
B4;B8;D08;0.73585699
B4;B8;D09;-0.730215791
B4;B8;D10;0.740410398
B4;B8;D11;-0.738247917
B4;B8;D12;0.750337199
B4;B8a;D01;1.047528062
B4;B8a;D02;-1.057348011
B4;B8a;D03;1.034021028
B4;B8a;D04;-1.046616127
B4;B8a;D05;1.026433495
B4;B8a;D06;-1.041475315
B4;B8a;D07;1.024595741
B4;B8a;D08;-1.043054874
B4;B8a;D09;1.028844124
B4;B8a;D10;-1.050145459
B4;B8a;D11;1.038772186
B4;B8a;D12;-1.063611621
B4;B9;D01;1.589592773
B4;B9;D02;-1.589812359
B4;B9;D03;1.56894242
B4;B9;D04;-1.5739172
B4;B9;D05;1.557958735
B4;B9;D06;-1.565489573
B4;B9;D07;1.555186091
B4;B9;D08;-1.567646924
B4;B9;D09;1.561959812
B4;B9;D10;-1.57841251
B4;B9;D11;1.575964112
B4;B9;D12;-1.599022198
B4;B10;D01;-0.121786276
B4;B10;D02;0.158495419
B4;B10;D03;-0.122987789
B4;B10;D04;0.155839437
B4;B10;D05;-0.119078028
B4;B10;D06;0.157384507
B4;B10;D07;-0.118963452
B4;B10;D08;0.156279919
B4;B10;D09;-0.116543973
B4;B10;D10;0.158896996
B4;B10;D11;-0.120084912
B4;B10;D12;0.161594384
B4;B11;D01;0.501770104
B4;B11;D02;-0.472159459
B4;B11;D03;0.494147507
B4;B11;D04;-0.468479496
B4;B11;D05;0.492193579
B4;B11;D06;-0.463903155
B4;B11;D07;0.491315122
B4;B11;D08;-0.464293874
B4;B11;D09;0.496173269
B4;B11;D10;-0.464924743
B4;B11;D11;0.499570644
B4;B11;D12;-0.470452911
B4;B12;D01;1.125921658
B4;B12;D02;-1.102474433
B4;B12;D03;1.109954159
B4;B12;D04;-1.091858325
B4;B12;D05;1.102802088
B4;B12;D06;-1.084321097
B4;B12;D07;1.101411919
B4;B12;D08;-1.085291802
B4;B12;D09;1.107990378
B4;B12;D10;-1.090039205
B4;B12;D11;1.117547463
B4;B12;D12;-1.104407054
B5;B1;D01;1.058690412
B5;B1;D02;-1.053763726
B5;B1;D03;1.044663434
B5;B1;D04;-1.043802321
B5;B1;D05;1.037756
B5;B1;D06;-1.037425764
B5;B1;D07;1.03591812
B5;B1;D08;-1.039849447
B5;B1;D09;1.040291439
B5;B1;D10;-1.046588823
B5;B1;D11;1.049804638
B5;B1;D12;-1.061422189
B5;B2;D01;-1.269555084
B5;B2;D02;1.269656182
B5;B2;D03;-1.252713982
B5;B2;D04;1.255578013
B5;B2;D05;-1.243417612
B5;B2;D06;1.251067354
B5;B2;D07;-1.241651373
B5;B2;D08;1.251292612
B5;B2;D09;-1.246653881
B5;B2;D10;1.25951768
B5;B2;D11;-1.259184269
B5;B2;D12;1.275471661
B5;B3;D01;-0.745280929
B5;B3;D02;0.746563566
B5;B3;D03;-0.734972032
B5;B3;D04;0.738404663
B5;B3;D05;-0.729670943
B5;B3;D06;0.735760189
B5;B3;D07;-0.728864966
B5;B3;D08;0.735969365
B5;B3;D09;-0.731432896
B5;B3;D10;0.740806368
B5;B3;D11;-0.740618249
B5;B3;D12;0.749898321
B5;B4;D01;-0.263354549
B5;B4;D02;0.262715469
B5;B4;D03;-0.259854053
B5;B4;D04;0.259421856
B5;B4;D05;-0.257971938
B5;B4;D06;0.258978291
B5;B4;D07;-0.257466732
B5;B4;D08;0.258348192
B5;B4;D09;-0.258465763
B5;B4;D10;0.260383319
B5;B4;D11;-0.261464521
B5;B4;D12;0.263219137
B5;B6;D01;0.26061584
B5;B6;D02;-0.265711413
B5;B6;D03;0.256923929
B5;B6;D04;-0.263304262
B5;B6;D05;0.255182955
B5;B6;D06;-0.26127972
B5;B6;D07;0.254852934
B5;B6;D08;-0.262513693
B5;B6;D09;0.256142735
B5;B6;D10;-0.263832419
B5;B6;D11;0.257682464
B5;B6;D12;-0.267459608
B5;B7;D01;0.52412715
B5;B7;D02;-0.529096525
B5;B7;D03;0.517015504
B5;B7;D04;-0.524130981
B5;B7;D05;0.513232641
B5;B7;D06;-0.520357697
B5;B7;D07;0.512630745
B5;B7;D08;-0.522400998
B5;B7;D09;0.514977745
B5;B7;D10;-0.525915955
B5;B7;D11;0.519614073
B5;B7;D12;-0.532912823
B5;B8;D01;-1.00762085
B5;B8;D02;1.008606896
B5;B8;D03;-0.993882321
B5;B8;D04;0.99773571
B5;B8;D05;-0.986925988
B5;B8;D06;0.994152219
B5;B8;D07;-0.985553183
B5;B8;D08;0.994205675
B5;B8;D09;-0.988684367
B5;B8;D10;1.000795791
B5;B8;D11;-0.999715873
B5;B8;D12;1.013562723
B5;B8a;D01;0.784168581
B5;B8a;D02;-0.794632864
B5;B8a;D03;0.774164801
B5;B8a;D04;-0.787193184
B5;B8a;D05;0.768460364
B5;B8a;D06;-0.782495211
B5;B8a;D07;0.767128115
B5;B8a;D08;-0.784706468
B5;B8a;D09;0.770376599
B5;B8a;D10;-0.789766156
B5;B8a;D11;0.777304244
B5;B8a;D12;-0.800404582
B5;B9;D01;1.326230914
B5;B9;D02;-1.327099327
B5;B9;D03;1.309084776
B5;B9;D04;-1.314494856
B5;B9;D05;1.299984407
B5;B9;D06;-1.30650954
B5;B9;D07;1.297718106
B5;B9;D08;-1.309298942
B5;B9;D09;1.303491763
B5;B9;D10;-1.318035146
B5;B9;D11;1.314494383
B5;B9;D12;-1.335820754
B5;B10;D01;-0.385140218
B5;B10;D02;0.421213117
B5;B10;D03;-0.382842232
B5;B10;D04;0.415261553
B5;B10;D05;-0.377048831
B5;B10;D06;0.416362842
B5;B10;D07;-0.376429765
B5;B10;D08;0.414626932
B5;B10;D09;-0.375009701
B5;B10;D10;0.419281442
B5;B10;D11;-0.381549232
B5;B10;D12;0.424818548
B5;B11;D01;0.238413688
B5;B11;D02;-0.209444219
B5;B11;D03;0.23429243
B5;B11;D04;-0.209056983
B5;B11;D05;0.23421967
B5;B11;D06;-0.204923726
B5;B11;D07;0.233846306
B5;B11;D08;-0.205945962
B5;B11;D09;0.237704142
B5;B11;D10;-0.204542068
B5;B11;D11;0.238100833
B5;B11;D12;-0.207239119
B5;B12;D01;0.862561641
B5;B12;D02;-0.83976099
B5;B12;D03;0.850097445
B5;B12;D04;-0.832435915
B5;B12;D05;0.844827715
B5;B12;D06;-0.825341345
B5;B12;D07;0.843943662
B5;B12;D08;-0.826944445
B5;B12;D09;0.8495225
B5;B12;D10;-0.829659175
B5;B12;D11;0.856079575
B5;B12;D12;-0.841199283
B6;B1;D01;0.798071518
B6;B1;D02;-0.78805665
B6;B1;D03;0.787738965
B6;B1;D04;-0.780498836
B6;B1;D05;0.782573401
B6;B1;D06;-0.776144927
B6;B1;D07;0.781067718
B6;B1;D08;-0.777334916
B6;B1;D09;0.784151319
B6;B1;D10;-0.782755298
B6;B1;D11;0.792127088
B6;B1;D12;-0.793964368
B6;B2;D01;-1.530168729
B6;B2;D02;1.535378104
B6;B2;D03;-1.509637215
B6;B2;D04;1.518885793
B6;B2;D05;-1.498600311
B6;B2;D06;1.512349591
B6;B2;D07;-1.496502999
B6;B2;D08;1.513809851
B6;B2;D09;-1.502794027
B6;B2;D10;1.52336072
B6;B2;D11;-1.516859801
B6;B2;D12;1.542951727
B6;B3;D01;-1.005896397
B6;B3;D02;1.012282816
B6;B3;D03;-0.99189731
B6;B3;D04;1.001711247
B6;B3;D05;-0.984854402
B6;B3;D06;0.997040537
B6;B3;D07;-0.983719811
B6;B3;D08;0.998483964
B6;B3;D09;-0.987576422
B6;B3;D10;1.00464308
B6;B3;D11;-0.998299928
B6;B3;D12;1.017368539
B6;B4;D01;-0.523970435
B6;B4;D02;0.528429654
B6;B4;D03;-0.516777108
B6;B4;D04;0.522726929
B6;B4;D05;-0.513154346
B6;B4;D06;0.520258706
B6;B4;D07;-0.512317014
B6;B4;D08;0.520863429
B6;B4;D09;-0.514605354
B6;B4;D10;0.524221025
B6;B4;D11;-0.519140242
B6;B4;D12;0.530688672
B6;B5;D01;-0.260618731
B6;B5;D02;0.26571527
B6;B5;D03;-0.256925947
B6;B5;D04;0.263306607
B6;B5;D05;-0.255183118
B6;B5;D06;0.261283329
B6;B5;D07;-0.254852402
B6;B5;D08;0.262517034
B6;B5;D09;-0.256141459
B6;B5;D10;0.263839361
B6;B5;D11;-0.257679412
B6;B5;D12;0.267468799
B6;B7;D01;0.263510933
B6;B7;D02;-0.263383401
B6;B7;D03;0.260091534
B6;B7;D04;-0.260825874
B6;B7;D05;0.258049657
B6;B7;D06;-0.259077393
B6;B7;D07;0.257777209
B6;B7;D08;-0.259887316
B6;B7;D09;0.258833893
B6;B7;D10;-0.26208318
B6;B7;D11;0.261929811
B6;B7;D12;-0.26545315
B6;B8;D01;-1.268233639
B6;B8;D02;1.274326563
B6;B8;D03;-1.250804365
B6;B8;D04;1.261042409
B6;B8;D05;-1.242108574
B6;B8;D06;1.25543278
B6;B8;D07;-1.240405268
B6;B8;D08;1.256721027
B6;B8;D09;-1.244825908
B6;B8;D10;1.264634312
B6;B8;D11;-1.257394701
B6;B8;D12;1.281035977
B6;B8a;D01;0.523549509
B6;B8a;D02;-0.528922085
B6;B8a;D03;0.517240526
B6;B8a;D04;-0.523887344
B6;B8a;D05;0.513277679
B6;B8a;D06;-0.521211658
B6;B8a;D07;0.512276564
B6;B8a;D08;-0.522190424
B6;B8a;D09;0.514234871
B6;B8a;D10;-0.525931287
B6;B8a;D11;0.519623357
B6;B8a;D12;-0.532945599
B6;B9;D01;1.065610328
B6;B9;D02;-1.061391548
B6;B9;D03;1.052158743
B6;B9;D04;-1.051190217
B6;B9;D05;1.044801388
B6;B9;D06;-1.045226308
B6;B9;D07;1.042865974
B6;B9;D08;-1.04678309
B6;B9;D09;1.047349217
B6;B9;D10;-1.054201564
B6;B9;D11;1.056810756
B6;B9;D12;-1.06836611
B6;B10;D01;-0.645754785
B6;B10;D02;0.686929501
B6;B10;D03;-0.639764346
B6;B10;D04;0.678566977
B6;B10;D05;-0.632230971
B6;B10;D06;0.677643251
B6;B10;D07;-0.631279629
B6;B10;D08;0.67714116
B6;B10;D09;-0.631149309
B6;B10;D10;0.683119524
B6;B10;D11;-0.639224262
B6;B10;D12;0.692291547
B6;B11;D01;-0.02220219
B6;B11;D02;0.056268295
B6;B11;D03;-0.022631651
B6;B11;D04;0.054248674
B6;B11;D05;-0.020963318
B6;B11;D06;0.056358399
B6;B11;D07;-0.021006741
B6;B11;D08;0.056569328
B6;B11;D09;-0.018438595
B6;B11;D10;0.059294638
B6;B11;D11;-0.019581697
B6;B11;D12;0.060224335
B6;B12;D01;0.601941039
B6;B12;D02;-0.574051603
B6;B12;D03;0.593171268
B6;B12;D04;-0.569130808
B6;B12;D05;0.58964463
B6;B12;D06;-0.564058734
B6;B12;D07;0.589091238
B6;B12;D08;-0.564429382
B6;B12;D09;0.59338037
B6;B12;D10;-0.56582398
B6;B12;D11;0.598398607
B6;B12;D12;-0.573739696
B7;B1;D01;0.534558797
B7;B1;D02;-0.524677055
B7;B1;D03;0.527647565
B7;B1;D04;-0.51967495
B7;B1;D05;0.524526145
B7;B1;D06;-0.517067648
B7;B1;D07;0.523293793
B7;B1;D08;-0.517446743
B7;B1;D09;0.525324846
B7;B1;D10;-0.520672951
B7;B1;D11;0.530211185
B7;B1;D12;-0.528514998
B7;B2;D01;-1.793680052
B7;B2;D02;1.79877518
B7;B2;D03;-1.769729723
B7;B2;D04;1.779716196
B7;B2;D05;-1.75664979
B7;B2;D06;1.771427632
B7;B2;D07;-1.754278073
B7;B2;D08;1.773699314
B7;B2;D09;-1.761621018
B7;B2;D10;1.785448997
B7;B2;D11;-1.778775843
B7;B2;D12;1.80841936
B7;B3;D01;-1.269408724
B7;B3;D02;1.275675953
B7;B3;D03;-1.251991372
B7;B3;D04;1.262540007
B7;B3;D05;-1.242907346
B7;B3;D06;1.256118144
B7;B3;D07;-1.241498261
B7;B3;D08;1.258371398
B7;B3;D09;-1.246409813
B7;B3;D10;1.266729289
B7;B3;D11;-1.26022676
B7;B3;D12;1.282831405
B7;B4;D01;-0.787482447
B7;B4;D02;0.791819389
B7;B4;D03;-0.77686853
B7;B4;D04;0.783553836
B7;B4;D05;-0.771201674
B7;B4;D06;0.779336224
B7;B4;D07;-0.770090773
B7;B4;D08;0.780751588
B7;B4;D09;-0.773431106
B7;B4;D10;0.786306519
B7;B4;D11;-0.781054931
B7;B4;D12;0.796148346
B7;B5;D01;-0.524133156
B7;B5;D02;0.5291028
B7;B5;D03;-0.517019949
B7;B5;D04;0.524134344
B7;B5;D05;-0.513233846
B7;B5;D06;0.520361299
B7;B5;D07;-0.512628436
B7;B5;D08;0.522406857
B7;B5;D09;-0.514970954
B7;B5;D10;0.525924671
B7;B5;D11;-0.51960115
B7;B5;D12;0.532926719
B7;B6;D01;-0.263510947
B7;B6;D02;0.263385704
B7;B6;D03;-0.260091685
B7;B6;D04;0.26082554
B7;B6;D05;-0.258049629
B7;B6;D06;0.259077272
B7;B6;D07;-0.257776543
B7;B6;D08;0.259886989
B7;B6;D09;-0.258831807
B7;B6;D10;0.262083556
B7;B6;D11;-0.26192717
B7;B6;D12;0.265454785
B7;B8;D01;-1.531743765
B7;B8;D02;1.537721741
B7;B8;D03;-1.510895831
B7;B8;D04;1.521871584
B7;B8;D05;-1.500157436
B7;B8;D06;1.514510458
B7;B8;D07;-1.498180951
B7;B8;D08;1.516608901
B7;B8;D09;-1.503655659
B7;B8;D10;1.526721296
B7;B8;D11;-1.519316843
B7;B8;D12;1.546500938
B7;B8a;D01;0.260035699
B7;B8a;D02;-0.265540587
B7;B8a;D03;0.257148826
B7;B8a;D04;-0.263061323
B7;B8a;D05;0.255229641
B7;B8a;D06;-0.262133818
B7;B8a;D07;0.254501361
B7;B8a;D08;-0.262301123
B7;B8a;D09;0.255405072
B7;B8a;D10;-0.263848259
B7;B8a;D11;0.257700258
B7;B8a;D12;-0.267494302
B7;B9;D01;0.802096207
B7;B9;D02;-0.798014379
B7;B9;D03;0.792065926
B7;B9;D04;-0.790365919
B7;B9;D05;0.786751997
B7;B9;D06;-0.786148658
B7;B9;D07;0.785090053
B7;B9;D08;-0.786893708
B7;B9;D09;0.788517772
B7;B9;D10;-0.792119778
B7;B9;D11;0.794882822
B7;B9;D12;-0.802919008
B7;B10;D01;-0.909265602
B7;B10;D02;0.950320719
B7;B10;D03;-0.899854559
B7;B10;D04;0.939394135
B7;B10;D05;-0.890277345
B7;B10;D06;0.936720708
B7;B10;D07;-0.889053022
B7;B10;D08;0.937028741
B7;B10;D09;-0.889975141
B7;B10;D10;0.945205946
B7;B10;D11;-0.901138144
B7;B10;D12;0.957755233
B7;B11;D01;-0.28571326
B7;B11;D02;0.31965427
B7;B11;D03;-0.282723567
B7;B11;D04;0.315075397
B7;B11;D05;-0.27901324
B7;B11;D06;0.315435957
B7;B11;D07;-0.278783472
B7;B11;D08;0.316457831
B7;B11;D09;-0.277270383
B7;B11;D10;0.321379681
B7;B11;D11;-0.281508784
B7;B11;D12;0.325680942
B7;B12;D01;0.3384261
B7;B12;D02;-0.310670484
B7;B12;D03;0.333077736
B7;B12;D04;-0.308305309
B7;B12;D05;0.331594563
B7;B12;D06;-0.304981186
B7;B12;D07;0.331315075
B7;B12;D08;-0.304540717
B7;B12;D09;0.334549873
B7;B12;D10;-0.303740401
B7;B12;D11;0.336475911
B7;B12;D12;-0.308287857
B8;B1;D01;2.066346153
B8;B1;D02;-2.062325619
B8;B1;D03;2.038558918
B8;B1;D04;-2.041525122
B8;B1;D05;2.024683209
B8;B1;D06;-2.03157777
B8;B1;D07;2.021466306
B8;B1;D08;-2.034052649
B8;B1;D09;2.028967501
B8;B1;D10;-2.047365331
B8;B1;D11;2.049514569
B8;B1;D12;-2.074926421
B8;B2;D01;-0.261933215
B8;B2;D02;0.261041909
B8;B2;D03;-0.258829118
B8;B2;D04;0.257838672
B8;B2;D05;-0.256489825
B8;B2;D06;0.25691228
B8;B2;D07;-0.256099312
B8;B2;D08;0.257081867
B8;B2;D09;-0.257975645
B8;B2;D10;0.258711635
B8;B2;D11;-0.259481568
B8;B2;D12;0.261890754
B8;B3;D01;0.262349978
B8;B3;D02;-0.26204119
B8;B3;D03;0.258919124
B8;B3;D04;-0.25933002
B8;B3;D05;0.257265294
B8;B3;D06;-0.258391008
B8;B3;D07;0.256698574
B8;B3;D08;-0.258233374
B8;B3;D09;0.257264042
B8;B3;D10;-0.259983429
B8;B3;D11;0.259111118
B8;B3;D12;-0.263653511
B8;B4;D01;0.744281549
B8;B4;D02;-0.745871863
B8;B4;D03;0.734033331
B8;B4;D04;-0.738307487
B8;B4;D05;0.728952482
B8;B4;D06;-0.735173334
B8;B4;D07;0.728080513
B8;B4;D08;-0.73585694
B8;B4;D09;0.730208264
B8;B4;D10;-0.740407326
B8;B4;D11;0.738238353
B8;B4;D12;-0.750326515
B8;B5;D01;1.007645586
B8;B5;D02;-1.008590788
B8;B5;D03;0.993895192
B8;B5;D04;-0.997734772
B8;B5;D05;0.986932357
B8;B5;D06;-0.994157125
B8;B5;D07;0.985554471
B8;B5;D08;-0.99421051
B8;B5;D09;0.988683443
B8;B5;D10;-1.000793535
B8;B5;D11;0.999717064
B8;B5;D12;-1.013541623
B8;B6;D01;1.268257023
B8;B6;D02;-1.274289082
B8;B6;D03;1.250815457
B8;B6;D04;-1.261030707
B8;B6;D05;1.242113935
B8;B6;D06;-1.25543024
B8;B6;D07;1.240409808
B8;B6;D08;-1.256714798
B8;B6;D09;1.244833585
B8;B6;D10;-1.264610069
B8;B6;D11;1.257412714
B8;B6;D12;-1.280976715
B8;B7;D01;1.531771395
B8;B7;D02;-1.537678939
B8;B7;D03;1.510907201
B8;B7;D04;-1.521859412
B8;B7;D05;1.500163631
B8;B7;D06;-1.514507922
B8;B7;D07;1.498189561
B8;B7;D08;-1.516600149
B8;B7;D09;1.503674252
B8;B7;D10;-1.526691916
B8;B7;D11;1.519353087
B8;B7;D12;-1.546426452
B8;B8a;D01;1.791821458
B8;B8a;D02;-1.803208492
B8;B8a;D03;1.768058078
B8;B8a;D04;-1.784925187
B8;B8a;D05;1.755387685
B8;B8a;D06;-1.776652827
B8;B8a;D07;1.752679621
B8;B8a;D08;-1.778914313
B8;B8a;D09;1.759061024
B8;B8a;D10;-1.79054694
B8;B8a;D11;1.777027683
B8;B8a;D12;-1.813914669
B8;B9;D01;2.333892846
B8;B9;D02;-2.335663217
B8;B9;D03;2.302984348
B8;B9;D04;-2.312221919
B8;B9;D05;2.286915333
B8;B9;D06;-2.300666227
B8;B9;D07;2.283271017
B8;B9;D08;-2.303506206
B8;B9;D09;2.292179096
B8;B9;D10;-2.318811273
B8;B9;D11;2.314227495
B8;B9;D12;-2.34931515
B8;B10;D01;0.62249182
B8;B10;D02;-0.587381885
B8;B10;D03;0.61104333
B8;B10;D04;-0.582469077
B8;B10;D05;0.609871339
B8;B10;D06;-0.577788674
B8;B10;D07;0.609114927
B8;B10;D08;-0.579575228
B8;B10;D09;0.613663967
B8;B10;D10;-0.581511649
B8;B10;D11;0.618151223
B8;B10;D12;-0.588740576
B8;B11;D01;1.246054519
B8;B11;D02;-1.218026092
B8;B11;D03;1.228184075
B8;B11;D04;-1.206788764
B8;B11;D05;1.221151259
B8;B11;D06;-1.199078837
B8;B11;D07;1.219403799
B8;B11;D08;-1.200151957
B8;B11;D09;1.226395075
B8;B11;D10;-1.205331474
B8;B11;D11;1.237831411
B8;B11;D12;-1.220767856
B8;B12;D01;1.870219243
B8;B12;D02;-1.848331658
B8;B12;D03;1.843995376
B8;B12;D04;-1.830165339
B8;B12;D05;1.831759526
B8;B12;D06;-1.819497396
B8;B12;D07;1.829498206
B8;B12;D08;-1.821149827
B8;B12;D09;1.838209133
B8;B12;D10;-1.830441672
B8;B12;D11;1.855803924
B8;B12;D12;-1.854711383
B8a;B1;D01;0.274522519
B8a;B1;D02;-0.2591407
B8a;B1;D03;0.270498803
B8a;B1;D04;-0.256616337
B8a;B1;D05;0.269297082
B8a;B1;D06;-0.254936102
B8a;B1;D07;0.268794858
B8a;B1;D08;-0.255146968
B8a;B1;D09;0.269921994
B8a;B1;D10;-0.256825542
B8a;B1;D11;0.272512273
B8a;B1;D12;-0.261021628
B8a;B2;D01;-2.053710934
B8a;B2;D02;2.064331183
B8a;B2;D03;-2.026877558
B8a;B2;D04;2.042781677
B8a;B2;D05;-2.011879815
B8a;B2;D06;2.033560966
B8a;B2;D07;-2.008779514
B8a;B2;D08;2.03600075
B8a;B2;D09;-2.01702487
B8a;B2;D10;2.049303353
B8a;B2;D11;-2.036473149
B8a;B2;D12;2.075933721
B8a;B3;D01;-1.529440842
B8a;B3;D02;1.54122824
B8a;B3;D03;-1.509140254
B8a;B3;D04;1.525603711
B8a;B3;D05;-1.498139465
B8a;B3;D06;1.518249819
B8a;B3;D07;-1.496005012
B8a;B3;D08;1.520670356
B8a;B3;D09;-1.501817395
B8a;B3;D10;1.530580322
B8a;B3;D11;-1.517926658
B8a;B3;D12;1.550336275
B8a;B4;D01;-1.047515704
B8a;B4;D02;1.057365509
B8a;B4;D03;-1.034016532
B8a;B4;D04;1.04661538
B8a;B4;D05;-1.026430663
B8a;B4;D06;1.041467748
B8a;B4;D07;-1.024589904
B8a;B4;D08;1.043051367
B8a;B4;D09;-1.028833926
B8a;B4;D10;1.050157347
B8a;B4;D11;-1.038752658
B8a;B4;D12;1.063652729
B8a;B5;D01;-0.784166984
B8a;B5;D02;0.794649593
B8a;B5;D03;-0.774169295
B8a;B5;D04;0.787197323
B8a;B5;D05;-0.768464856
B8a;B5;D06;0.782495191
B8a;B5;D07;-0.767131282
B8a;B5;D08;0.784708674
B8a;B5;D09;-0.770376104
B8a;B5;D10;0.789775829
B8a;B5;D11;-0.777300605
B8a;B5;D12;0.800430415
B8a;B6;D01;-0.523545441
B8a;B6;D02;0.528927953
B8a;B6;D03;-0.517240102
B8a;B6;D04;0.523885658
B8a;B6;D05;-0.513279988
B8a;B6;D06;0.52120798
B8a;B6;D07;-0.512280053
B8a;B6;D08;0.522185236
B8a;B6;D09;-0.514238239
B8a;B6;D10;0.525931389
B8a;B6;D11;-0.51962795
B8a;B6;D12;0.532949389
B8a;B7;D01;-0.260035112
B8a;B7;D02;0.265543675
B8a;B7;D03;-0.257148543
B8a;B7;D04;0.26306098
B8a;B7;D05;-0.255230626
B8a;B7;D06;0.262131631
B8a;B7;D07;-0.254504857
B8a;B7;D08;0.262298842
B8a;B7;D09;-0.255407594
B8a;B7;D10;0.263847815
B8a;B7;D11;-0.257701441
B8a;B7;D12;0.267495059
B8a;B8;D01;-1.79177529
B8a;B8;D02;1.803274856
B8a;B8;D03;-1.768043483
B8a;B8;D04;1.784935552
B8a;B8;D05;-1.755387453
B8a;B8;D06;1.776642202
B8a;B8;D07;-1.752683873
B8a;B8;D08;1.778908287
B8a;B8;D09;-1.759061192
B8a;B8;D10;1.790573318
B8a;B8;D11;-1.777015643
B8a;B8;D12;1.814008451
B8a;B9;D01;0.542059329
B8a;B9;D02;-0.532477813
B8a;B9;D03;0.534916304
B8a;B9;D04;-0.527306443
B8a;B9;D05;0.531521484
B8a;B9;D06;-0.524015208
B8a;B9;D07;0.530587498
B8a;B9;D08;-0.524592486
B8a;B9;D09;0.533111732
B8a;B9;D10;-0.528272748
B8a;B9;D11;0.537181104
B8a;B9;D12;-0.535428783
B8a;B10;D01;-1.169298719
B8a;B10;D02;1.215869528
B8a;B10;D03;-1.15700227
B8a;B10;D04;1.202456073
B8a;B10;D05;-1.145505771
B8a;B10;D06;1.198852165
B8a;B10;D07;-1.143551619
B8a;B10;D08;1.199327806
B8a;B10;D09;-1.145378014
B8a;B10;D10;1.20905754
B8a;B10;D11;-1.158835422
B8a;B10;D12;1.225262864
B8a;B11;D01;-0.545747617
B8a;B11;D02;0.585197699
B8a;B11;D03;-0.539872014
B8a;B11;D04;0.578136852
B8a;B11;D05;-0.534243712
B8a;B11;D06;0.577568474
B8a;B11;D07;-0.533287091
B8a;B11;D08;0.578757901
B8a;B11;D09;-0.532676775
B8a;B11;D10;0.585229747
B8a;B11;D11;-0.53920962
B8a;B11;D12;0.593179157
B8a;B12;D01;0.078390328
B8a;B12;D02;-0.045131455
B8a;B12;D03;0.075928121
B8a;B12;D04;-0.045244758
B8a;B12;D05;0.076363789
B8a;B12;D06;-0.042848327
B8a;B12;D07;0.076812328
B8a;B12;D08;-0.042240408
B8a;B12;D09;0.079144466
B8a;B12;D10;-0.039891671
B8a;B12;D11;0.078775625
B8a;B12;D12;-0.040792941
B9;B1;D01;-0.267535645
B9;B1;D02;0.2733344
B9;B1;D03;-0.26441549
B9;B1;D04;0.270684624
B9;B1;D05;-0.262221337
B9;B1;D06;0.269073902
B9;B1;D07;-0.261788812
B9;B1;D08;0.269442656
B9;B1;D09;-0.263182605
B9;B1;D10;0.271446227
B9;B1;D11;-0.264650676
B9;B1;D12;0.274412503
B9;B2;D01;-2.595777408
B9;B2;D02;2.596854288
B9;B2;D03;-2.561800332
B9;B2;D04;2.570102982
B9;B2;D05;-2.543404203
B9;B2;D06;2.557576305
B9;B2;D07;-2.539364839
B9;B2;D08;2.56059237
B9;B2;D09;-2.550126028
B9;B2;D10;2.577587226
B9;B2;D11;-2.573628383
B9;B2;D12;2.611404672
B9;B3;D01;-2.071506528
B9;B3;D02;2.073742775
B9;B3;D03;-2.044064147
B9;B3;D04;2.05291949
B9;B3;D05;-2.029667553
B9;B3;D06;2.042260535
B9;B3;D07;-2.026595426
B9;B3;D08;2.045257389
B9;B3;D09;-2.034926799
B9;B3;D10;2.058851454
B9;B3;D11;-2.055096994
B9;B3;D12;2.085792941
B9;B4;D01;-1.589578943
B9;B4;D02;1.589863119
B9;B4;D03;-1.568934962
B9;B4;D04;1.573923093
B9;B4;D05;-1.557951243
B9;B4;D06;1.565477645
B9;B4;D07;-1.555173438
B9;B4;D08;1.567640171
B9;B4;D09;-1.561935519
B9;B4;D10;1.578432918
B9;B4;D11;-1.575909642
B9;B4;D12;1.599106688
B9;B5;D01;-1.326232615
B9;B5;D02;1.327151213
B9;B5;D03;-1.309091178
B9;B5;D04;1.314512763
B9;B5;D05;-1.29998946
B9;B5;D06;1.306511827
B9;B5;D07;-1.297718574
B9;B5;D08;1.309301701
B9;B5;D09;-1.303482963
B9;B5;D10;1.318056115
B9;B5;D11;-1.314468515
B9;B5;D12;1.335882311
B9;B6;D01;-1.065604449
B9;B6;D02;1.061416353
B9;B6;D03;-1.052157242
B9;B6;D04;1.05118891
B9;B6;D05;-1.044802579
B9;B6;D06;1.045215086
B9;B6;D07;-1.042867866
B9;B6;D08;1.046770991
B9;B6;D09;-1.047348053
B9;B6;D10;1.054195428
B9;B6;D11;-1.056804105
B9;B6;D12;1.068388491
B9;B7;D01;-0.802092989
B9;B7;D02;0.798039335
B9;B7;D03;-0.792064842
B9;B7;D04;0.790371183
B9;B7;D05;-0.786753488
B9;B7;D06;0.786142582
B9;B7;D07;-0.785094026
B9;B7;D08;0.786886602
B9;B7;D09;-0.788520127
B9;B7;D10;0.79211621
B9;B7;D11;-0.794880533
B9;B7;D12;0.802933814
B9;B8;D01;-2.333838989
B9;B8;D02;2.33578982
B9;B8;D03;-2.302964525
B9;B8;D04;2.312250399
B9;B8;D05;-2.286911847
B9;B8;D06;2.300652447
B9;B8;D07;-2.28327086
B9;B8;D08;2.30349564
B9;B8;D09;-2.292166317
B9;B8;D10;2.318846037
B9;B8;D11;-2.314180098
B9;B8;D12;2.349469299
B9;B8a;D01;-0.542061488
B9;B8a;D02;0.532486144
B9;B8a;D03;-0.534916238
B9;B8a;D04;0.52731137
B9;B8a;D05;-0.531520447
B9;B8a;D06;0.524016073
B9;B8a;D07;-0.530586104
B9;B8a;D08;0.524591982
B9;B8a;D09;-0.533108457
B9;B8a;D10;0.528273012
B9;B8a;D11;-0.537171897
B9;B8a;D12;0.535436419
B9;B10;D01;-1.711360456
B9;B10;D02;1.748375239
B9;B10;D03;-1.691917899
B9;B10;D04;1.729765755
B9;B10;D05;-1.677025937
B9;B10;D06;1.722861885
B9;B10;D07;-1.674134865
B9;B10;D08;1.723915581
B9;B10;D09;-1.678479835
B9;B10;D10;1.737331987
B9;B10;D11;-1.695989677
B9;B10;D12;1.760723679
B9;B11;D01;-1.087807032
B9;B11;D02;1.117689217
B9;B11;D03;-1.074789756
B9;B11;D04;1.105445315
B9;B11;D05;-1.065766836
B9;B11;D06;1.101580223
B9;B11;D07;-1.063875335
B9;B11;D08;1.103347306
B9;B11;D09;-1.065786606
B9;B11;D10;1.113501251
B9;B11;D11;-1.07638574
B9;B11;D12;1.128623441
B9;B12;D01;-0.463672372
B9;B12;D02;0.487350112
B9;B12;D03;-0.458990854
B9;B12;D04;0.482062819
B9;B12;D05;-0.455159099
B9;B12;D06;0.481164875
B9;B12;D07;-0.453775273
B9;B12;D08;0.482350187
B9;B12;D09;-0.453964994
B9;B12;D10;0.488381087
B9;B12;D11;-0.45839592
B9;B12;D12;0.494644611
B10;B1;D01;1.443830063
B10;B1;D02;-1.474954071
B10;B1;D03;1.427503073
B10;B1;D04;-1.459062502
B10;B1;D05;1.414806329
B10;B1;D06;-1.453789234
B10;B1;D07;1.412348901
B10;B1;D08;-1.454476505
B10;B1;D09;1.415299924
B10;B1;D10;-1.465853473
B10;B1;D11;1.431340612
B10;B1;D12;-1.486187164
B10;B2;D01;-0.884411727
B10;B2;D02;0.848429829
B10;B2;D03;-0.869866012
B10;B2;D04;0.840314233
B10;B2;D05;-0.866365139
B10;B2;D06;0.834703698
B10;B2;D07;-0.865217792
B10;B2;D08;0.83666083
B10;B2;D09;-0.871641234
B10;B2;D10;0.840226926
B10;B2;D11;-0.877627707
B10;B2;D12;0.850635066
B10;B3;D01;-0.360137808
B10;B3;D02;0.325343868
B10;B3;D03;-0.352125292
B10;B3;D04;0.323142053
B10;B3;D05;-0.352615077
B10;B3;D06;0.319397664
B10;B3;D07;-0.352425998
B10;B3;D08;0.321341468
B10;B3;D09;-0.356414858
B10;B3;D10;0.32152659
B10;B3;D11;-0.359055537
B10;B3;D12;0.325084929
B10;B4;D01;0.12178693
B10;B4;D02;-0.158492551
B10;B4;D03;0.122989975
B10;B4;D04;-0.155839145
B10;B4;D05;0.119078262
B10;B4;D06;-0.157384476
B10;B4;D07;0.118964185
B10;B4;D08;-0.156280446
B10;B4;D09;0.116544026
B10;B4;D10;-0.158894724
B10;B4;D11;0.12008194
B10;B4;D12;-0.161585315
B10;B5;D01;0.385143718
B10;B5;D02;-0.421209914
B10;B5;D03;0.382844128
B10;B5;D04;-0.415263627
B10;B5;D05;0.377053551
B10;B5;D06;-0.416364779
B10;B5;D07;0.376434368
B10;B5;D08;-0.414630952
B10;B5;D09;0.375012656
B10;B5;D10;-0.419278441
B10;B5;D11;0.381550171
B10;B5;D12;-0.424799226
B10;B6;D01;0.645755205
B10;B6;D02;-0.686912633
B10;B6;D03;0.639766345
B10;B6;D04;-0.678564754
B10;B6;D05;0.632235575
B10;B6;D06;-0.677642249
B10;B6;D07;0.631288296
B10;B6;D08;-0.677140127
B10;B6;D09;0.631157388
B10;B6;D10;-0.683100996
B10;B6;D11;0.639235659
B10;B6;D12;-0.692240875
B10;B7;D01;0.909265762
B10;B7;D02;-0.950300612
B10;B7;D03;0.899856864
B10;B7;D04;-0.939392892
B10;B7;D05;0.890285138
B10;B7;D06;-0.936720376
B10;B7;D07;0.889067013
B10;B7;D08;-0.937026625
B10;B7;D09;0.889994044
B10;B7;D10;-0.945182752
B10;B7;D11;0.901168201
B10;B7;D12;-0.957689397
B10;B8;D01;-0.622480038
B10;B8;D02;0.58738563
B10;B8;D03;-0.611035847
B10;B8;D04;0.582473149
B10;B8;D05;-0.609874394
B10;B8;D06;0.577789518
B10;B8;D07;-0.60911905
B10;B8;D08;0.579576438
B10;B8;D09;-0.613669878
B10;B8;D10;0.581511809
B10;B8;D11;-0.618156091
B10;B8;D12;0.588740099
B10;B8a;D01;1.169309078
B10;B8a;D02;-1.215832027
B10;B8a;D03;1.157005251
B10;B8a;D04;-1.202456724
B10;B8a;D05;1.145511085
B10;B8a;D06;-1.198860413
B10;B8a;D07;1.143560794
B10;B8a;D08;-1.199335745
B10;B8a;D09;1.145388422
B10;B8a;D10;-1.209034172
B10;B8a;D11;1.158849108
B10;B8a;D12;-1.225175969
B10;B9;D01;1.711371295
B10;B9;D02;-1.748290576
B10;B9;D03;1.691924004
B10;B9;D04;-1.729757227
B10;B9;D05;1.677036398
B10;B9;D06;-1.722874688
B10;B9;D07;1.674151422
B10;B9;D08;-1.723927678
B10;B9;D09;1.678504021
B10;B9;D10;-1.737298156
B10;B9;D11;1.696038529
B10;B9;D12;-1.760576636
B10;B11;D01;0.623553374
B10;B11;D02;-0.630648092
B10;B11;D03;0.617135319
B10;B11;D04;-0.624319489
B10;B11;D05;0.611272638
B10;B11;D06;-0.621288058
B10;B11;D07;0.610281557
B10;B11;D08;-0.620574423
B10;B11;D09;0.612718729
B10;B11;D10;-0.623818786
B10;B11;D11;0.619653038
B10;B11;D12;-0.632029513
B10;B12;D01;1.247703939
B10;B12;D02;-1.260957005
B10;B12;D03;1.232938722
B10;B12;D04;-1.24769833
B10;B12;D05;1.22188049
B10;B12;D06;-1.241706152
B10;B12;D07;1.220377597
B10;B12;D08;-1.241572232
B10;B12;D09;1.22453475
B10;B12;D10;-1.248929278
B10;B12;D11;1.237622644
B10;B12;D12;-1.265972671
B11;B1;D01;0.820259521
B11;B1;D02;-0.844308212
B11;B1;D03;0.810361285
B11;B1;D04;-0.834742556
B11;B1;D05;0.803534041
B11;B1;D06;-0.832502102
B11;B1;D07;0.802075656
B11;B1;D08;-0.833905344
B11;B1;D09;0.802594496
B11;B1;D10;-0.842052599
B11;B1;D11;0.811712897
B11;B1;D12;-0.854185546
B11;B2;D01;-1.507941373
B11;B2;D02;1.479080711
B11;B2;D03;-1.486990632
B11;B2;D04;1.464628852
B11;B2;D05;-1.477632041
B11;B2;D06;1.45598861
B11;B2;D07;-1.475496424
B11;B2;D08;1.457244658
B11;B2;D09;-1.484359242
B11;B2;D10;1.464066274
B11;B2;D11;-1.497273982
B11;B2;D12;1.482718726
B11;B3;D01;-0.983678179
B11;B3;D02;0.955995048
B11;B3;D03;-0.96925645
B11;B3;D04;0.947457239
B11;B3;D05;-0.963888927
B11;B3;D06;0.940681372
B11;B3;D07;-0.962714475
B11;B3;D08;0.941917511
B11;B3;D09;-0.96914219
B11;B3;D10;0.945350552
B11;B3;D11;-0.978718194
B11;B3;D12;0.957140525
B11;B4;D01;-0.501760433
B11;B4;D02;0.472153084
B11;B4;D03;-0.494141052
B11;B4;D04;0.468475433
B11;B4;D05;-0.492189154
B11;B4;D06;0.463900012
B11;B4;D07;-0.491309534
B11;B4;D08;0.464295948
B11;B4;D09;-0.496166515
B11;B4;D10;0.464926095
B11;B4;D11;-0.499553941
B11;B4;D12;0.470461217
B11;B5;D01;-0.238413268
B11;B5;D02;0.20944139
B11;B5;D03;-0.234293016
B11;B5;D04;0.209057324
B11;B5;D05;-0.234219775
B11;B5;D06;0.20492311
B11;B5;D07;-0.233845757
B11;B5;D08;0.2059491
B11;B5;D09;-0.237703017
B11;B5;D10;0.204542459
B11;B5;D11;-0.2380957
B11;B5;D12;0.207241827
B11;B6;D01;0.022201202
B11;B6;D02;-0.056266673
B11;B6;D03;0.022630555
B11;B6;D04;-0.054248442
B11;B6;D05;0.020962649
B11;B6;D06;-0.056357588
B11;B6;D07;0.021006491
B11;B6;D08;-0.056568664
B11;B6;D09;0.018438412
B11;B6;D10;-0.059293671
B11;B6;D11;0.019581673
B11;B6;D12;-0.060222399
B11;B7;D01;0.285707651
B11;B7;D02;-0.319647893
B11;B7;D03;0.28271921
B11;B7;D04;-0.31507216
B11;B7;D05;0.279011352
B11;B7;D06;-0.315435157
B11;B7;D07;0.2787835
B11;B7;D08;-0.316456584
B11;B7;D09;0.27727243
B11;B7;D10;-0.321378094
B11;B7;D11;0.281510425
B11;B7;D12;-0.32567549
B11;B8;D01;-1.246010745
B11;B8;D02;1.218034829
B11;B8;D03;-1.228160385
B11;B8;D04;1.206786724
B11;B8;D05;-1.221141005
B11;B8;D06;1.199073197
B11;B8;D07;-1.219398837
B11;B8;D08;1.200155177
B11;B8;D09;-1.226391198
B11;B8;D10;1.205341694
B11;B8;D11;-1.237811145
B11;B8;D12;1.220806404
B11;B8a;D01;0.545741484
B11;B8a;D02;-0.585180805
B11;B8a;D03;0.539865433
B11;B8a;D04;-0.578131814
B11;B8a;D05;0.534238859
B11;B8a;D06;-0.577571105
B11;B8a;D07;0.5332838
B11;B8a;D08;-0.578760133
B11;B8a;D09;0.532675869
B11;B8a;D10;-0.585228451
B11;B8a;D11;0.539206513
B11;B8a;D12;-0.593167457
B11;B9;D01;1.087793739
B11;B9;D02;-1.11763966
B11;B9;D03;1.074778149
B11;B9;D04;-1.105431516
B11;B9;D05;1.065760481
B11;B9;D06;-1.101584739
B11;B9;D07;1.063873117
B11;B9;D08;-1.103353966
B11;B9;D09;1.065791482
B11;B9;D10;-1.113499996
B11;B9;D11;1.076392163
B11;B9;D12;-1.128585602
B11;B10;D01;-0.62354352
B11;B10;D02;0.63064805
B11;B10;D03;-0.617132102
B11;B10;D04;0.624315724
B11;B10;D05;-0.611264018
B11;B10;D06;0.621284948
B11;B10;D07;-0.610271904
B11;B10;D08;0.620572277
B11;B10;D09;-0.612710351
B11;B10;D10;0.623826114
B11;B10;D11;-0.61963767
B11;B10;D12;0.63206215
B11;B12;D01;0.624132284
B11;B12;D02;-0.630308208
B11;B12;D03;0.615796167
B11;B12;D04;-0.623375744
B11;B12;D05;0.610605456
B11;B12;D06;-0.620416855
B11;B12;D07;0.610098323
B11;B12;D08;-0.621000207
B11;B12;D09;0.611821793
B11;B12;D10;-0.625120342
B11;B12;D11;0.61798188
B11;B12;D12;-0.633961883
B12;B1;D01;0.196129827
B12;B1;D02;-0.214006064
B12;B1;D03;0.194567563
B12;B1;D04;-0.211370823
B12;B1;D05;0.192931983
B12;B1;D06;-0.212088235
B12;B1;D07;0.191981713
B12;B1;D08;-0.212905885
B12;B1;D09;0.190779055
B12;B1;D10;-0.216935403
B12;B1;D11;0.19373823
B12;B1;D12;-0.220228132
B12;B2;D01;-2.132061077
B12;B2;D02;2.109427067
B12;B2;D03;-2.102784108
B12;B2;D04;2.088016296
B12;B2;D05;-2.088236771
B12;B2;D06;2.076406322
B12;B2;D07;-2.085592898
B12;B2;D08;2.078246704
B12;B2;D09;-2.096175703
B12;B2;D10;2.089200645
B12;B2;D11;-2.115243816
B12;B2;D12;2.116723226
B12;B3;D01;-1.607801206
B12;B3;D02;1.586333046
B12;B3;D03;-1.585052189
B12;B3;D04;1.570840686
B12;B3;D05;-1.574497692
B12;B3;D06;1.561095388
B12;B3;D07;-1.572817233
B12;B3;D08;1.562916063
B12;B3;D09;-1.580968401
B12;B3;D10;1.570475409
B12;B3;D11;-1.596700695
B12;B3;D12;1.591126743
B12;B4;D01;-1.12588471
B12;B4;D02;1.102477194
B12;B4;D03;-1.109933933
B12;B4;D04;1.091854178
B12;B4;D05;-1.102791402
B12;B4;D06;1.084313775
B12;B4;D07;-1.101403438
B12;B4;D08;1.085295606
B12;B4;D09;-1.10798102
B12;B4;D10;1.090051375
B12;B4;D11;-1.117524461
B12;B4;D12;1.104443963
B12;B5;D01;-0.862541918
B12;B5;D02;0.839767041
B12;B5;D03;-0.850089214
B12;B5;D04;0.832438594
B12;B5;D05;-0.844825988
B12;B5;D06;0.825342142
B12;B5;D07;-0.843943999
B12;B5;D08;0.826951518
B12;B5;D09;-0.849523509
B12;B5;D10;0.82966943
B12;B5;D11;-0.856074651
B12;B5;D12;0.841222062
B12;B6;D01;-0.601923277
B12;B6;D02;0.574048741
B12;B6;D03;-0.593162984
B12;B6;D04;0.56912698
B12;B6;D05;-0.589642228
B12;B6;D06;0.564054444
B12;B6;D07;-0.589092598
B12;B6;D08;0.56442889
B12;B6;D09;-0.593385494
B12;B6;D10;0.565823281
B12;B6;D11;-0.598403718
B12;B6;D12;0.573741612
B12;B7;D01;-0.338417735
B12;B7;D02;0.310670721
B12;B7;D03;-0.333074356
B12;B7;D04;0.308304662
B12;B7;D05;-0.331593715
B12;B7;D06;0.304978665
B12;B7;D07;-0.331317073
B12;B7;D08;0.304541573
B12;B7;D09;-0.334554593
B12;B7;D10;0.303739188
B12;B7;D11;-0.336478122
B12;B7;D12;0.308287681
B12;B8;D01;-1.870129686
B12;B8;D02;1.848374699
B12;B8;D03;-1.843952905
B12;B8;D04;1.830170947
B12;B8;D05;-1.831745241
B12;B8;D06;1.819487463
B12;B8;D07;-1.829496885
B12;B8;D08;1.821154457
B12;B8;D09;-1.838212029
B12;B8;D10;1.830469269
B12;B8;D11;-1.855788253
B12;B8;D12;1.85479847
B12;B8a;D01;-0.078389093
B12;B8a;D02;0.045130919
B12;B8a;D03;-0.07592855
B12;B8a;D04;0.045245402
B12;B8a;D05;-0.076364259
B12;B8a;D06;0.042847847
B12;B8a;D07;-0.076812798
B12;B8a;D08;0.042241249
B12;B8a;D09;-0.079144938
B12;B8a;D10;0.039890963
B12;B8a;D11;-0.078775468
B12;B8a;D12;0.040793063
B12;B9;D01;0.463661063
B12;B9;D02;-0.48733707
B12;B9;D03;0.458982481
B12;B9;D04;-0.482058437
B12;B9;D05;0.45515578
B12;B9;D06;-0.481166628
B12;B9;D07;0.453775102
B12;B9;D08;-0.48235255
B12;B9;D09;0.453967947
B12;B9;D10;-0.488383314
B12;B9;D11;0.458403545
B12;B9;D12;-0.494634776
B12;B10;D01;-1.247665821
B12;B10;D02;1.260978171
B12;B10;D03;-1.232923796
B12;B10;D04;1.24769521
B12;B10;D05;-1.221865211
B12;B10;D06;1.241698553
B12;B10;D07;-1.22036518
B12;B10;D08;1.241570852
B12;B10;D09;-1.224524988
B12;B10;D10;1.248952811
B12;B10;D11;-1.23760644
B12;B10;D12;1.266053172
B12;B11;D01;-0.624124443
B12;B11;D02;0.630318097
B12;B11;D03;-0.615793738
B12;B11;D04;0.623378191
B12;B11;D05;-0.610605202
B12;B11;D06;0.620416112
B12;B11;D07;-0.610099338
B12;B11;D08;0.621000034
B12;B11;D09;-0.611823846
B12;B11;D10;0.625123269
B12;B11;D11;-0.617985523
B12;B11;D12;0.633971014
