bande_src;bande_dst;detecteur;delta_t
B01;B02;D01;-2.341418125
B01;B02;D02;2.331005086
B01;B02;D03;-2.311345513
B01;B02;D04;2.306382649
B01;B02;D05;-2.295025738
B01;B02;D06;2.294178371
B01;B02;D07;-2.289145485
B01;B02;D08;2.296141282
B01;B02;D09;-2.297907274
B01;B02;D10;2.310517553
B01;B02;D11;-2.318532722
B01;B02;D12;2.340893321
B01;B03;D01;-1.815515627
B01;B03;D02;1.804957382
B01;B03;D03;-1.79149571
B01;B03;D04;1.785854048
B01;B03;D05;-1.779144185
B01;B03;D06;1.776678926
B01;B03;D07;-1.77431743
B01;B03;D08;1.778331496
B01;B03;D09;-1.781579412
B01;B03;D10;1.789253379
B01;B03;D11;-1.798189654
B01;B03;D12;1.813117703
B01;B04;D01;-1.331746605
B01;B04;D02;1.319823582
B01;B04;D03;-1.314381375
B01;B04;D04;1.305853212
B01;B04;D05;-1.305453992
B01;B04;D06;1.299218331
B01;B04;D07;-1.302680166
B01;B04;D08;1.300109044
B01;B04;D09;-1.306972632
B01;B04;D10;1.307853437
B01;B04;D11;-1.318595699
B01;B04;D12;1.325764409
B01;B05;D01;-1.066089865
B01;B05;D02;1.056546011
B01;B05;D03;-1.052426829
B01;B05;D04;1.04566535
B01;B05;D05;-1.045004534
B01;B05;D06;1.03994202
B01;B05;D07;-1.042475703
B01;B05;D08;1.040860718
B01;B05;D09;-1.046455774
B01;B05;D10;1.047395622
B01;B05;D11;-1.055408696
B01;B05;D12;1.06174122
B01;B06;D01;-0.804403822
B01;B06;D02;0.788667788
B01;B06;D03;-0.794255636
B01;B06;D04;0.781126718
B01;B06;D05;-0.788787943
B01;B06;D06;0.777067239
B01;B06;D07;-0.786721689
B01;B06;D08;0.777438307
B01;B06;D09;-0.789849778
B01;B06;D10;0.782306119
B01;B06;D11;-0.796758529
B01;B06;D12;0.79284752
B01;B07;D01;-0.540157448
B01;B07;D02;0.524580034
B01;B07;D03;-0.533382144
B01;B07;D04;0.519427545
B01;B07;D05;-0.529555791
B01;B07;D06;0.516950916
B01;B07;D07;-0.528180752
B01;B07;D08;0.516842571
B01;B07;D09;-0.530545267
B01;B07;D10;0.52055804
B01;B07;D11;-0.534973538
B01;B07;D12;0.527355885
B01;B08;D01;-2.078705418
B01;B08;D02;2.068410623
B01;B08;D03;-2.051505943
B01;B08;D04;2.046828285
B01;B08;D05;-2.036401858
B01;B08;D06;2.036028273
B01;B08;D07;-2.031725147
B01;B08;D08;2.03764085
B01;B08;D09;-2.040052826
B01;B08;D10;2.050630628
B01;B08;D11;-2.058490127
B01;B08;D12;2.077672199
B01;B8A;D01;-0.277645768
B01;B8A;D02;0.255644245
B01;B8A;D03;-0.274520327
B01;B8A;D04;0.253344231
B01;B8A;D05;-0.273110799
B01;B8A;D06;0.251920636
B01;B8A;D07;-0.272119844
B01;B8A;D08;0.252741809
B01;B8A;D09;-0.273297999
B01;B8A;D10;0.254876424
B01;B8A;D11;-0.276113829
B01;B8A;D12;0.257559323
B01;B09;D01;0.269205574
B01;B09;D02;-0.274288558
B01;B09;D03;0.265078509
B01;B09;D04;-0.270399603
B01;B09;D05;0.263565726
B01;B09;D06;-0.269761826
B01;B09;D07;0.263093565
B01;B09;D08;-0.26957102
B01;B09;D09;0.263721813
B01;B09;D10;-0.271917668
B01;B09;D11;0.266357063
B01;B09;D12;-0.274281138
B01;B10;D01;-1.490365357
B01;B10;D02;1.443069991
B01;B10;D03;-1.47066873
B01;B10;D04;1.42795252
B01;B10;D05;-1.458100054
B01;B10;D06;1.421064064
B01;B10;D07;-1.454724146
B01;B10;D08;1.422730055
B01;B10;D09;-1.460042938
B01;B10;D10;1.431796167
B01;B10;D11;-1.473975028
B01;B10;D12;1.451802482
B01;B11;D01;-0.866498753
B01;B11;D02;0.807319867
B01;B11;D03;-0.85496621
B01;B11;D04;0.797813475
B01;B11;D05;-0.847682712
B01;B11;D06;0.794525344
B01;B11;D07;-0.84539898
B01;B11;D08;0.795167455
B01;B11;D09;-0.848143776
B01;B11;D10;0.80104051
B01;B11;D11;-0.855964428
B01;B11;D12;0.812989972
B01;B12;D01;-0.24003798
B01;B12;D02;0.173912595
B01;B12;D03;-0.236998964
B01;B12;D04;0.171472069
B01;B12;D05;-0.23447056
B01;B12;D06;0.171586063
B01;B12;D07;-0.233180411
B01;B12;D08;0.172086229
B01;B12;D09;-0.234571904
B01;B12;D10;0.172859029
B01;B12;D11;-0.236379559
B01;B12;D12;0.177084532
B02;B01;D01;2.341520524
B02;B01;D02;-2.330843784
B02;B01;D03;2.311400082
B02;B01;D04;-2.306318838
B02;B01;D05;2.29506556
B02;B01;D06;-2.294166228
B02;B01;D07;2.28917728
B02;B01;D08;-2.296134733
B02;B01;D09;2.297966818
B02;B01;D10;-2.31046465
B02;B01;D11;2.318643663
B02;B01;D12;-2.34073796
B02;B03;D01;0.525951783
B02;B03;D02;-0.526008056
B02;B03;D03;0.519883746
B02;B03;D04;-0.520509955
B02;B03;D05;0.515912959
B02;B03;D06;-0.517493224
B02;B03;D07;0.514850619
B02;B03;D08;-0.517806619
B02;B03;D09;0.516350184
B02;B03;D10;-0.521249058
B02;B03;D11;0.520360358
B02;B03;D12;-0.527739996
B02;B04;D01;1.009769719
B02;B04;D02;-1.011103395
B02;B04;D03;0.99702005
B02;B04;D04;-1.0004922
B02;B04;D05;0.989617407
B02;B04;D06;-0.994947665
B02;B04;D07;0.986497439
B02;B04;D08;-0.996025679
B02;B04;D09;0.990980482
B02;B04;D10;-1.002634012
B02;B04;D11;1.000005493
B02;B04;D12;-1.015059163
B02;B05;D01;1.275361208
B02;B05;D02;-1.274370875
B02;B05;D03;1.258920816
B02;B05;D04;-1.260682888
B02;B05;D05;1.250008752
B02;B05;D06;-1.254230124
B02;B05;D07;1.246658971
B02;B05;D08;-1.255277347
B02;B05;D09;1.251456582
B02;B05;D10;-1.263093817
B02;B05;D11;1.263160998
B02;B05;D12;-1.279067633
B02;B06;D01;1.537094673
B02;B06;D02;-1.542222178
B02;B06;D03;1.517117346
B02;B06;D04;-1.525205588
B02;B06;D05;1.506252651
B02;B06;D06;-1.517098283
B02;B06;D07;1.502437184
B02;B06;D08;-1.518696548
B02;B06;D09;1.508092556
B02;B06;D10;-1.528171918
B02;B06;D11;1.521849733
B02;B06;D12;-1.547941137
B02;B07;D01;1.801348706
B02;B07;D02;-1.806301923
B02;B07;D03;1.778004882
B02;B07;D04;-1.786907963
B02;B07;D05;1.765493717
B02;B07;D06;-1.777218428
B02;B07;D07;1.760978119
B02;B07;D08;-1.779293614
B02;B07;D09;1.76739044
B02;B07;D10;-1.789916763
B02;B07;D11;1.783611577
B02;B07;D12;-1.813415663
B02;B08;D01;0.262769656
B02;B08;D02;-0.262563017
B02;B08;D03;0.259874678
B02;B08;D04;-0.259532747
B02;B08;D05;0.258658876
B02;B08;D06;-0.25814034
B02;B08;D07;0.25744933
B02;B08;D08;-0.258495948
B02;B08;D09;0.257895279
B02;B08;D10;-0.259874815
B02;B08;D11;0.260096755
B02;B08;D12;-0.263202652
B02;B8A;D01;2.063836097
B02;B8A;D02;-2.075211469
B02;B8A;D03;2.036835055
B02;B8A;D04;-2.052974874
B02;B8A;D05;2.021901554
B02;B8A;D06;-2.042240786
B02;B8A;D07;2.017008969
B02;B8A;D08;-2.043390256
B02;B8A;D09;2.024601096
B02;B8A;D10;-2.055586386
B02;B8A;D11;2.042443829
B02;B8A;D12;-2.083192279
B02;B09;D01;2.610696145
B02;B09;D02;-2.605110682
B02;B09;D03;2.576448
B02;B09;D04;-2.576711687
B02;B09;D05;2.558601266
B02;B09;D06;-2.563926044
B02;B09;D07;2.552250718
B02;B09;D08;-2.565704478
B02;B09;D09;2.561671768
B02;B09;D10;-2.58237652
B02;B09;D11;2.584986033
B02;B09;D12;-2.614999597
B02;B10;D01;0.851087054
B02;B10;D02;-0.887863096
B02;B10;D03;0.840684597
B02;B10;D04;-0.878388801
B02;B10;D05;0.836917987
B02;B10;D06;-0.87309506
B02;B10;D07;0.834407499
B02;B10;D08;-0.873403746
B02;B10;D09;0.837847899
B02;B10;D10;-0.878691821
B02;B10;D11;0.844550219
B02;B10;D12;-0.889039054
B02;B11;D01;1.474966393
B02;B11;D02;-1.523570003
B02;B11;D03;1.456383107
B02;B11;D04;-1.508517013
B02;B11;D05;1.447334796
B02;B11;D06;-1.499637392
B02;B11;D07;1.443743306
B02;B11;D08;-1.500968086
B02;B11;D09;1.449776404
B02;B11;D10;-1.509438529
B02;B11;D11;1.462626144
B02;B11;D12;-1.527811521
B02;B12;D01;2.101443469
B02;B12;D02;-2.156940453
B02;B12;D03;2.074360166
B02;B12;D04;-2.134845109
B02;B12;D05;2.060547083
B02;B12;D06;-2.122573932
B02;B12;D07;2.055953586
B02;B12;D08;-2.124046924
B02;B12;D09;2.063329141
B02;B12;D10;-2.137604293
B02;B12;D11;2.082182996
B02;B12;D12;-2.163672733
B03;B01;D01;1.815555883
B03;B01;D02;-1.804845412
B03;B01;D03;1.791513022
B03;B01;D04;-1.785808863
B03;B01;D05;1.779153198
B03;B01;D06;-1.776671405
B03;B01;D07;1.774325295
B03;B01;D08;-1.778332068
B03;B01;D09;1.781606582
B03;B01;D10;-1.789232576
B03;B01;D11;1.798256337
B03;B01;D12;-1.813038741
B03;B02;D01;-0.525936822
B03;B02;D02;0.526012299
B03;B02;D03;-0.519872347
B03;B02;D04;0.520510899
B03;B02;D05;-0.515904362
B03;B02;D06;0.517491838
B03;B02;D07;-0.514843633
B03;B02;D08;0.517806445
B03;B02;D09;-0.516342428
B03;B02;D10;0.521252185
B03;B02;D11;-0.520353427
B03;B02;D12;0.527751578
B03;B04;D01;0.483805126
B03;B04;D02;-0.485100339
B03;B04;D03;0.477130972
B03;B04;D04;-0.47998339
B03;B04;D05;0.4737029
B03;B04;D06;-0.477453136
B03;B04;D07;0.471645622
B03;B04;D08;-0.478218744
B03;B04;D09;0.474625423
B03;B04;D10;-0.481387705
B03;B04;D11;0.479632454
B03;B04;D12;-0.487330241
B03;B05;D01;0.749417616
B03;B05;D02;-0.748366616
B03;B05;D03;0.739051308
B03;B05;D04;-0.740172473
B03;B05;D05;0.734109898
B03;B05;D06;-0.736736744
B03;B05;D07;0.731818844
B03;B05;D08;-0.737473285
B03;B05;D09;0.735113555
B03;B05;D10;-0.741852985
B03;B05;D11;0.742796209
B03;B05;D12;-0.751344583
B03;B06;D01;1.011138355
B03;B06;D02;-1.016222091
B03;B06;D03;0.997239169
B03;B06;D04;-1.004696717
B03;B06;D05;0.990346849
B03;B06;D06;-0.999603642
B03;B06;D07;0.987590598
B03;B06;D08;-1.000891383
B03;B06;D09;0.991740127
B03;B06;D10;-1.006931855
B03;B06;D11;1.001473881
B03;B06;D12;-1.020224375
B03;B07;D01;1.275388124
B03;B07;D02;-1.280299759
B03;B07;D03;1.258121444
B03;B07;D04;-1.266397577
B03;B07;D05;1.249586068
B03;B07;D06;-1.259724385
B03;B07;D07;1.246132511
B03;B07;D08;-1.261489956
B03;B07;D09;1.251039016
B03;B07;D10;-1.268680127
B03;B07;D11;1.263240738
B03;B07;D12;-1.285704824
B03;B08;D01;-0.263182866
B03;B08;D02;0.263442726
B03;B08;D03;-0.260008006
B03;B08;D04;0.260975694
B03;B08;D05;-0.257253109
B03;B08;D06;0.259353484
B03;B08;D07;-0.257401621
B03;B08;D08;0.259312241
B03;B08;D09;-0.258457988
B03;B08;D10;0.261377805
B03;B08;D11;-0.260271476
B03;B08;D12;0.264543396
B03;B8A;D01;1.537884639
B03;B8A;D02;-1.549213744
B03;B8A;D03;1.51696309
B03;B8A;D04;-1.532466184
B03;B8A;D05;1.506003015
B03;B8A;D06;-1.524745093
B03;B8A;D07;1.502170589
B03;B8A;D08;-1.525585354
B03;B8A;D09;1.508260382
B03;B8A;D10;-1.534349703
B03;B8A;D11;1.522081434
B03;B8A;D12;-1.55548765
B03;B09;D01;2.084742746
B03;B09;D02;-2.079114327
B03;B09;D03;2.056571584
B03;B09;D04;-2.056202146
B03;B09;D05;2.042697264
B03;B09;D06;-2.046430785
B03;B09;D07;2.037404165
B03;B09;D08;-2.047902727
B03;B09;D09;2.045315728
B03;B09;D10;-2.06114685
B03;B09;D11;2.064602038
B03;B09;D12;-2.087307052
B03;B10;D01;0.325142314
B03;B10;D02;-0.36186011
B03;B10;D03;0.32081148
B03;B10;D04;-0.357880507
B03;B10;D05;0.321017398
B03;B10;D06;-0.355598739
B03;B10;D07;0.319568581
B03;B10;D08;-0.355595883
B03;B10;D09;0.321510856
B03;B10;D10;-0.357443303
B03;B10;D11;0.324198848
B03;B10;D12;-0.36130377
B03;B11;D01;0.949020023
B03;B11;D02;-0.997569968
B03;B11;D03;0.936513337
B03;B11;D04;-0.98800788
B03;B11;D05;0.931434783
B03;B11;D06;-0.982141765
B03;B11;D07;0.928901128
B03;B11;D08;-0.983162875
B03;B11;D09;0.933430785
B03;B11;D10;-0.988198703
B03;B11;D11;0.94225563
B03;B11;D12;-1.000090415
B03;B12;D01;1.575491913
B03;B12;D02;-1.630941868
B03;B12;D03;1.554486822
B03;B12;D04;-1.614335756
B03;B12;D05;1.544646942
B03;B12;D06;-1.605077631
B03;B12;D07;1.541113546
B03;B12;D08;-1.606242424
B03;B12;D09;1.546987945
B03;B12;D10;-1.616369493
B03;B12;D11;1.561819343
B03;B12;D12;-1.635966523
B04;B01;D01;1.331736035
B04;B01;D02;-1.319763709
B04;B01;D03;1.314374549
B04;B01;D04;-1.305831043
B04;B01;D05;1.305448128
B04;B01;D06;-1.299216494
B04;B01;D07;1.302680281
B04;B01;D08;-1.300109902
B04;B01;D09;1.306981855
B04;B01;D10;-1.307844133
B04;B01;D11;1.318622326
B04;B01;D12;-1.325718933
B04;B02;D01;-1.009718983
B04;B02;D02;1.011138321
B04;B02;D03;-0.996988785
B04;B02;D04;1.000510595
B04;B02;D05;-0.98959849
B04;B02;D06;0.994954545
B04;B02;D07;-0.986481417
B04;B02;D08;0.996031567
B04;B02;D09;-0.990963307
B04;B02;D10;1.002648879
B04;B02;D11;-0.999978374
B04;B02;D12;1.015095029
B04;B03;D01;-0.483794031
B04;B03;D02;0.485113763
B04;B03;D03;-0.477124903
B04;B03;D04;0.479991714
B04;B03;D05;-0.473700133
B04;B03;D06;0.477457992
B04;B03;D07;-0.471643617
B04;B03;D08;0.478222077
B04;B03;D09;-0.474623357
B04;B03;D10;0.481392303
B04;B03;D11;-0.479625822
B04;B03;D12;0.487336762
B04;B05;D01;0.265617998
B04;B05;D02;-0.263265614
B04;B05;D03;0.261927143
B04;B05;D04;-0.260184584
B04;B05;D05;0.26041518
B04;B05;D06;-0.259277817
B04;B05;D07;0.260184445
B04;B05;D08;-0.259249163
B04;B05;D09;0.260495847
B04;B05;D10;-0.260460142
B04;B05;D11;0.263170909
B04;B05;D12;-0.26401379
B04;B06;D01;0.52733013
B04;B06;D02;-0.531131489
B04;B06;D03;0.520109906
B04;B06;D04;-0.52471728
B04;B06;D05;0.51664728
B04;B06;D06;-0.522150135
B04;B06;D07;0.515950142
B04;B06;D08;-0.522671092
B04;B06;D09;0.517117542
B04;B06;D10;-0.525543551
B04;B06;D11;0.521842799
B04;B06;D12;-0.532898256
B04;B07;D01;0.791575668
B04;B07;D02;-0.795206726
B04;B07;D03;0.780988302
B04;B07;D04;-0.786413668
B04;B07;D05;0.775884316
B04;B07;D06;-0.782267309
B04;B07;D07;0.77449193
B04;B07;D08;-0.783267227
B04;B07;D09;0.776418026
B04;B07;D10;-0.787290629
B04;B07;D11;0.783614994
B04;B07;D12;-0.798380793
B04;B08;D01;-0.746974816
B04;B08;D02;0.748553535
B04;B08;D03;-0.737131335
B04;B08;D04;0.740962992
B04;B08;D05;-0.730952705
B04;B08;D06;0.736807986
B04;B08;D07;-0.729046611
B04;B08;D08;0.737531848
B04;B08;D09;-0.733084553
B04;B08;D10;0.742768727
B04;B08;D11;-0.739905022
B04;B08;D12;0.751881871
B04;B8A;D01;1.05407255
B04;B8A;D02;-1.064131516
B04;B8A;D03;1.039833494
B04;B8A;D04;-1.052491222
B04;B8A;D05;1.032306313
B04;B8A;D06;-1.047294589
B04;B8A;D07;1.03053803
B04;B8A;D08;-1.04736741
B04;B8A;D09;1.033646035
B04;B8A;D10;-1.05296566
B04;B8A;D11;1.042462494
B04;B8A;D12;-1.06816824
B04;B09;D01;1.600923778
B04;B09;D02;-1.594038693
B04;B09;D03;1.579436944
B04;B09;D04;-1.576227377
B04;B09;D05;1.568995975
B04;B09;D06;-1.568977368
B04;B09;D07;1.56576449
B04;B09;D08;-1.569680942
B04;B09;D09;1.570694419
B04;B09;D10;-1.579759152
B04;B09;D11;1.584972179
B04;B09;D12;-1.599989879
B04;B10;D01;-0.158652019
B04;B10;D02;0.123240968
B04;B10;D03;-0.156309945
B04;B10;D04;0.122100421
B04;B10;D05;-0.152677118
B04;B10;D06;0.121850665
B04;B10;D07;-0.15206457
B04;B10;D08;0.122621241
B04;B10;D09;-0.153105006
B04;B10;D10;0.12394291
B04;B10;D11;-0.155419914
B04;B10;D12;0.126028239
B04;B11;D01;0.465216877
B04;B11;D02;-0.512479494
B04;B11;D03;0.459387827
B04;B11;D04;-0.508028479
B04;B11;D05;0.457739245
B04;B11;D06;-0.504688971
B04;B11;D07;0.457265447
B04;B11;D08;-0.504941997
B04;B11;D09;0.45881094
B04;B11;D10;-0.506809764
B04;B11;D11;0.462627497
B04;B11;D12;-0.5127624
B04;B12;D01;1.091679863
B04;B12;D02;-1.145858527
B04;B12;D03;1.077356273
B04;B12;D04;-1.134359821
B04;B12;D05;1.070949711
B04;B12;D06;-1.127626814
B04;B12;D07;1.069480058
B04;B12;D08;-1.128023159
B04;B12;D09;1.072372682
B04;B12;D10;-1.134983771
B04;B12;D11;1.082199433
B04;B12;D12;-1.148645237
B05;B01;D01;1.066110613
B05;B01;D02;-1.056504797
B05;B01;D03;1.052442776
B05;B01;D04;-1.045648962
B05;B01;D05;1.045022256
B05;B01;D06;-1.039940152
B05;B01;D07;1.042494826
B05;B01;D08;-1.040862646
B05;B01;D09;1.046480073
B05;B01;D10;-1.047387512
B05;B01;D11;1.055447075
B05;B01;D12;-1.061714758
B05;B02;D01;-1.27533362
B05;B02;D02;1.274412163
B05;B02;D03;-1.258915203
B05;B02;D04;1.260698086
B05;B02;D05;-1.250016009
B05;B02;D06;1.254233624
B05;B02;D07;-1.246666059
B05;B02;D08;1.255282247
B05;B02;D09;-1.251458581
B05;B02;D10;1.263113019
B05;B02;D11;-1.263145015
B05;B02;D12;1.279120298
B05;B03;D01;-0.749414159
B05;B03;D02;0.748383839
B05;B03;D03;-0.739054355
B05;B03;D04;0.740177576
B05;B03;D05;-0.734123787
B05;B03;D06;0.736735158
B05;B03;D07;-0.731828788
B05;B03;D08;0.737470586
B05;B03;D09;-0.735121137
B05;B03;D10;0.741854487
B05;B03;D11;-0.742794246
B05;B03;D12;0.75135754
B05;B04;D01;-0.265625584
B05;B04;D02;0.263266283
B05;B04;D03;-0.261931494
B05;B04;D04;0.260184205
B05;B04;D05;-0.260426535
B05;B04;D06;0.25927509
B05;B04;D07;-0.260185401
B05;B04;D08;0.259246137
B05;B04;D09;-0.260500455
B05;B04;D10;0.260460232
B05;B04;D11;-0.263170828
B05;B04;D12;0.264016503
B05;B06;D01;0.261706672
B05;B06;D02;-0.267868579
B05;B06;D03;0.25818066
B05;B06;D04;-0.264534158
B05;B06;D05;0.256226396
B05;B06;D06;-0.26287475
B05;B06;D07;0.255765136
B05;B06;D08;-0.26342441
B05;B06;D09;0.256618479
B05;B06;D10;-0.265084804
B05;B06;D11;0.258670377
B05;B06;D12;-0.268886795
B05;B07;D01;0.525951535
B05;B07;D02;-0.531944229
B05;B07;D03;0.519057798
B05;B07;D04;-0.526230174
B05;B07;D05;0.515461398
B05;B07;D06;-0.522990198
B05;B07;D07;0.514306856
B05;B07;D08;-0.52401925
B05;B07;D09;0.515919827
B05;B07;D10;-0.526832497
B05;B07;D11;0.520442337
B05;B07;D12;-0.534371797
B05;B08;D01;-1.012595936
B05;B08;D02;1.01182397
B05;B08;D03;-0.999060881
B05;B08;D04;1.001148488
B05;B08;D05;-0.991377059
B05;B08;D06;0.996083441
B05;B08;D07;-0.989231952
B05;B08;D08;0.996779037
B05;B08;D09;-0.993584644
B05;B08;D10;1.003231514
B05;B08;D11;-1.003073547
B05;B08;D12;1.015905229
B05;B8A;D01;0.788451346
B05;B8A;D02;-0.800871702
B05;B8A;D03;0.777905615
B05;B8A;D04;-0.792309209
B05;B8A;D05;0.771890632
B05;B8A;D06;-0.788020298
B05;B8A;D07;0.77035372
B05;B8A;D08;-0.788122509
B05;B8A;D09;0.773152281
B05;B8A;D10;-0.792508906
B05;B8A;D11;0.779289715
B05;B8A;D12;-0.804161512
B05;B09;D01;1.335301782
B05;B09;D02;-1.330781786
B05;B09;D03;1.317507726
B05;B09;D04;-1.316045887
B05;B09;D05;1.308575398
B05;B09;D06;-1.309701629
B05;B09;D07;1.305579535
B05;B09;D08;-1.31043427
B05;B09;D09;1.310194714
B05;B09;D10;-1.319303348
B05;B09;D11;1.32179647
B05;B09;D12;-1.335988412
B05;B10;D01;-0.424270319
B05;B10;D02;0.386507765
B05;B10;D03;-0.418237269
B05;B10;D04;0.38228427
B05;B10;D05;-0.413093475
B05;B10;D06;0.381124697
B05;B10;D07;-0.412248957
B05;B10;D08;0.381866539
B05;B10;D09;-0.413598138
B05;B10;D10;0.384403397
B05;B10;D11;-0.418588668
B05;B10;D12;0.390047438
B05;B11;D01;0.199597373
B05;B11;D02;-0.249216609
B05;B11;D03;0.197460561
B05;B11;D04;-0.247845557
B05;B11;D05;0.197322925
B05;B11;D06;-0.245413403
B05;B11;D07;0.197080803
B05;B11;D08;-0.245694869
B05;B11;D09;0.19831444
B05;B11;D10;-0.246350912
B05;B11;D11;0.199455668
B05;B11;D12;-0.248749186
B05;B12;D01;0.826058712
B05;B12;D02;-0.882598836
B05;B12;D03;0.815428064
B05;B12;D04;-0.874177919
B05;B12;D05;0.810533058
B05;B12;D06;-0.868351938
B05;B12;D07;0.809295598
B05;B12;D08;-0.868777404
B05;B12;D09;0.811878631
B05;B12;D10;-0.874527095
B05;B12;D11;0.819026569
B05;B12;D12;-0.884638024
B06;B01;D01;0.804404144
B06;B01;D02;-0.788640294
B06;B01;D03;0.794258372
B06;B01;D04;-0.781112941
B06;B01;D05;0.78879302
B06;B01;D06;-0.777064937
B06;B01;D07;0.786726341
B06;B01;D08;-0.777439646
B06;B01;D09;0.789859968
B06;B01;D10;-0.78230825
B06;B01;D11;0.79677105
B06;B01;D12;-0.792838067
B06;B02;D01;-1.537037932
B06;B02;D02;1.542280132
B06;B02;D03;-1.517092565
B06;B02;D04;1.525236374
B06;B02;D05;-1.50624105
B06;B02;D06;1.517108159
B06;B02;D07;-1.502428303
B06;B02;D08;1.518708012
B06;B02;D09;-1.508073811
B06;B02;D10;1.528202324
B06;B02;D11;-1.521803239
B06;B02;D12;1.548028841
B06;B03;D01;-1.011120355
B06;B03;D02;1.016252049
B06;B03;D03;-0.997237775
B06;B03;D04;1.004713999
B06;B03;D05;-0.990352724
B06;B03;D06;0.99960969
B06;B03;D07;-0.987595054
B06;B03;D08;1.00089608
B06;B03;D09;-0.991737547
B06;B03;D10;1.006943582
B06;B03;D11;-1.001455252
B06;B03;D12;1.020258499
B06;B04;D01;-0.527333811
B06;B04;D02;0.531135991
B06;B04;D03;-0.520119262
B06;B04;D04;0.524718413
B06;B04;D05;-0.516657632
B06;B04;D06;0.522149519
B06;B04;D07;-0.515953912
B06;B04;D08;0.52267141
B06;B04;D09;-0.517118093
B06;B04;D10;0.525549523
B06;B04;D11;-0.521839778
B06;B04;D12;0.532910152
B06;B05;D01;-0.261704328
B06;B05;D02;0.267866711
B06;B05;D03;-0.258175667
B06;B05;D04;0.264536948
B06;B05;D05;-0.256222343
B06;B05;D06;0.26287493
B06;B05;D07;-0.255760434
B06;B05;D08;0.263424127
B06;B05;D09;-0.256617885
B06;B05;D10;0.265083257
B06;B05;D11;-0.258664598
B06;B05;D12;0.268891237
B06;B07;D01;0.26424501
B06;B07;D02;-0.264079565
B06;B07;D03;0.260875006
B06;B07;D04;-0.261693362
B06;B07;D05;0.259233892
B06;B07;D06;-0.260115119
B06;B07;D07;0.25854134
B06;B07;D08;-0.260595524
B06;B07;D09;0.259300846
B06;B07;D10;-0.261750573
B06;B07;D11;0.261775117
B06;B07;D12;-0.265488415
B06;B08;D01;-1.274303004
B06;B08;D02;1.279696572
B06;B08;D03;-1.257245867
B06;B08;D04;1.265682128
B06;B08;D05;-1.247607213
B06;B08;D06;1.258957577
B06;B08;D07;-1.244999844
B06;B08;D08;1.260205223
B06;B08;D09;-1.25020067
B06;B08;D10;1.268323672
B06;B08;D11;-1.261739789
B06;B08;D12;1.284809491
B06;B8A;D01;0.526746471
B06;B8A;D02;-0.533004719
B06;B8A;D03;0.519730214
B06;B8A;D04;-0.527775501
B06;B8A;D05;0.515668769
B06;B8A;D06;-0.525145477
B06;B8A;D07;0.514594199
B06;B8A;D08;-0.524698611
B06;B8A;D09;0.516532995
B06;B8A;D10;-0.527424585
B06;B8A;D11;0.520626123
B06;B8A;D12;-0.53528258
B06;B09;D01;1.073597208
B06;B09;D02;-1.062917628
B06;B09;D03;1.059330423
B06;B09;D04;-1.051510728
B06;B09;D05;1.052350564
B06;B09;D06;-1.046826416
B06;B09;D07;1.049815006
B06;B09;D08;-1.047011827
B06;B09;D09;1.053573996
B06;B09;D10;-1.054225405
B06;B09;D11;1.063122329
B06;B09;D12;-1.06711565
B06;B10;D01;-0.685975458
B06;B10;D02;0.65437836
B06;B10;D03;-0.676415267
B06;B10;D04;0.646817529
B06;B10;D05;-0.669317164
B06;B10;D06;0.643999807
B06;B10;D07;-0.668009097
B06;B10;D08;0.645292235
B06;B10;D09;-0.670215002
B06;B10;D10;0.64949483
B06;B10;D11;-0.677246563
B06;B10;D12;0.658944552
B06;B11;D01;-0.062107527
B06;B11;D02;0.018652039
B06;B11;D03;-0.060715036
B06;B11;D04;0.016688719
B06;B11;D05;-0.058900253
B06;B11;D06;0.017462017
B06;B11;D07;-0.058681278
B06;B11;D08;0.017729602
B06;B11;D09;-0.058303108
B06;B11;D10;0.018733419
B06;B11;D11;-0.059212124
B06;B11;D12;0.02014019
B06;B12;D01;0.564353869
B06;B12;D02;-0.614733381
B06;B12;D03;0.557252039
B06;B12;D04;-0.609643005
B06;B12;D05;0.554310385
B06;B12;D06;-0.605476442
B06;B12;D07;0.553535085
B06;B12;D08;-0.605353596
B06;B12;D09;0.555259817
B06;B12;D10;-0.609444802
B06;B12;D11;0.560362263
B06;B12;D12;-0.615757698
B07;B01;D01;0.540156114
B07;B01;D02;-0.524565853
B07;B01;D03;0.533381357
B07;B01;D04;-0.519421271
B07;B01;D05;0.52955855
B07;B01;D06;-0.516949753
B07;B01;D07;0.528181763
B07;B01;D08;-0.516844365
B07;B01;D09;0.530555397
B07;B01;D10;-0.520559654
B07;B01;D11;0.53498904
B07;B01;D12;-0.527355829
B07;B02;D01;-1.801263869
B07;B02;D02;1.806373526
B07;B02;D03;-1.777960924
B07;B02;D04;1.786934215
B07;B02;D05;-1.765473496
B07;B02;D06;1.777222984
B07;B02;D07;-1.760966237
B07;B02;D08;1.779303879
B07;B02;D09;-1.767372618
B07;B02;D10;1.789961975
B07;B02;D11;-1.783577041
B07;B02;D12;1.813530022
B07;B03;D01;-1.27535637
B07;B03;D02;1.280339833
B07;B03;D03;-1.258110021
B07;B03;D04;1.266409349
B07;B03;D05;-1.249586179
B07;B03;D06;1.259724758
B07;B03;D07;-1.246137107
B07;B03;D08;1.261492448
B07;B03;D09;-1.251038624
B07;B03;D10;1.268699394
B07;B03;D11;-1.263229359
B07;B03;D12;1.285758292
B07;B04;D01;-0.791580638
B07;B04;D02;0.795217174
B07;B04;D03;-0.78099475
B07;B04;D04;0.786411049
B07;B04;D05;-0.775891781
B07;B04;D06;0.782264847
B07;B04;D07;-0.774498854
B07;B04;D08;0.783268366
B07;B04;D09;-0.776422184
B07;B04;D10;0.78730143
B07;B04;D11;-0.783620272
B07;B04;D12;0.798409016
B07;B05;D01;-0.525938146
B07;B05;D02;0.531949162
B07;B05;D03;-0.519046318
B07;B05;D04;0.526231345
B07;B05;D05;-0.515455154
B07;B05;D06;0.522989926
B07;B05;D07;-0.51429641
B07;B05;D08;0.524019509
B07;B05;D09;-0.515916516
B07;B05;D10;0.526837213
B07;B05;D11;-0.52043958
B07;B05;D12;0.534381653
B07;B06;D01;-0.264244281
B07;B06;D02;0.264077144
B07;B06;D03;-0.260873465
B07;B06;D04;0.261691534
B07;B06;D05;-0.259233515
B07;B06;D06;0.260115267
B07;B06;D07;-0.258541062
B07;B06;D08;0.260596233
B07;B06;D09;-0.259302093
B07;B06;D10;0.26175061
B07;B06;D11;-0.26177958
B07;B06;D12;0.265491689
B07;B08;D01;-1.538541268
B07;B08;D02;1.543781523
B07;B08;D03;-1.518118406
B07;B08;D04;1.527375619
B07;B08;D05;-1.50684082
B07;B08;D06;1.51907286
B07;B08;D07;-1.503544205
B07;B08;D08;1.520802406
B07;B08;D09;-1.509504895
B07;B08;D10;1.530079495
B07;B08;D11;-1.523520736
B07;B08;D12;1.550313522
B07;B8A;D01;0.262505846
B07;B8A;D02;-0.268930811
B07;B8A;D03;0.258857917
B07;B8A;D04;-0.266085188
B07;B8A;D05;0.256435835
B07;B8A;D06;-0.265030038
B07;B8A;D07;0.256059405
B07;B8A;D08;-0.264102079
B07;B8A;D09;0.257237346
B07;B8A;D10;-0.265677756
B07;B8A;D11;0.258855625
B07;B8A;D12;-0.269792885
B07;B09;D01;0.80935461
B07;B09;D02;-0.79884579
B07;B09;D03;0.798456179
B07;B09;D04;-0.789820114
B07;B09;D05;0.793116754
B07;B09;D06;-0.786711156
B07;B09;D07;0.791274304
B07;B09;D08;-0.786416735
B07;B09;D09;0.794272153
B07;B09;D10;-0.792477986
B07;B09;D11;0.801343557
B07;B09;D12;-0.801636603
B07;B10;D01;-0.95020934
B07;B10;D02;0.918459613
B07;B10;D03;-0.93728559
B07;B10;D04;0.908509299
B07;B10;D05;-0.928549784
B07;B10;D06;0.904115283
B07;B10;D07;-0.926544612
B07;B10;D08;0.905889695
B07;B10;D09;-0.929510944
B07;B10;D10;0.911246347
B07;B10;D11;-0.939016713
B07;B10;D12;0.924447873
B07;B11;D01;-0.326344813
B07;B11;D02;0.282729109
B07;B11;D03;-0.321586233
B07;B11;D04;0.278380157
B07;B11;D05;-0.318133047
B07;B11;D06;0.277577302
B07;B11;D07;-0.317218755
B07;B11;D08;0.27832579
B07;B11;D09;-0.317602757
B07;B11;D10;0.280484436
B07;B11;D11;-0.32098959
B07;B11;D12;0.285633618
B07;B12;D01;0.300113418
B07;B12;D02;-0.350658485
B07;B12;D03;0.296379352
B07;B12;D04;-0.347952139
B07;B12;D05;0.295077364
B07;B12;D06;-0.34536107
B07;B12;D07;0.294999481
B07;B12;D08;-0.344757377
B07;B12;D09;0.295963662
B07;B12;D10;-0.34769734
B07;B12;D11;0.298591013
B07;B12;D12;-0.350269683
B08;B01;D01;2.078749477
B08;B01;D02;-2.068284118
B08;B01;D03;2.051526336
B08;B01;D04;-2.046783411
B08;B01;D05;2.036408307
B08;B01;D06;-2.036024877
B08;B01;D07;2.031727369
B08;B01;D08;-2.037640517
B08;B01;D09;2.040066764
B08;B01;D10;-2.050600252
B08;B01;D11;2.058534581
B08;B01;D12;-2.077559501
B08;B02;D01;-0.26276363
B08;B02;D02;0.2625651
B08;B02;D03;-0.259871033
B08;B02;D04;0.259538047
B08;B02;D05;-0.25865781
B08;B02;D06;0.258140792
B08;B02;D07;-0.257446619
B08;B02;D08;0.258499551
B08;B02;D09;-0.257892251
B08;B02;D10;0.259876253
B08;B02;D11;-0.260091113
B08;B02;D12;0.263208781
B08;B03;D01;0.263182711
B08;B03;D02;-0.263444519
B08;B03;D03;0.260008737
B08;B03;D04;-0.260974096
B08;B03;D05;0.257254032
B08;B03;D06;-0.259352486
B08;B03;D07;0.257401297
B08;B03;D08;-0.259309624
B08;B03;D09;0.258455139
B08;B03;D10;-0.261375537
B08;B03;D11;0.260265284
B08;B03;D12;-0.264539643
B08;B04;D01;0.746996264
B08;B04;D02;-0.7485416
B08;B04;D03;0.737143701
B08;B04;D04;-0.740958874
B08;B04;D05;0.730958699
B08;B04;D06;-0.736807098
B08;B04;D07;0.729047755
B08;B04;D08;-0.737531424
B08;B04;D09;0.733083585
B08;B04;D10;-0.742763115
B08;B04;D11;0.739904993
B08;B04;D12;-0.75186705
B08;B05;D01;1.012597214
B08;B05;D02;-1.011808857
B08;B05;D03;0.999053292
B08;B05;D04;-1.001146237
B08;B05;D05;0.991353031
B08;B05;D06;-0.996088964
B08;B05;D07;0.989213593
B08;B05;D08;-0.996780398
B08;B05;D09;0.993562189
B08;B05;D10;-1.003224009
B08;B05;D11;1.003062427
B08;B05;D12;-1.015875122
B08;B06;D01;1.274325891
B08;B06;D02;-1.279661565
B08;B06;D03;1.257246161
B08;B06;D04;-1.265672288
B08;B06;D05;1.24759597
B08;B06;D06;-1.258957425
B08;B06;D07;1.244989382
B08;B06;D08;-1.260202189
B08;B06;D09;1.250195603
B08;B06;D10;-1.26830378
B08;B06;D11;1.261746731
B08;B06;D12;-1.284754424
B08;B07;D01;1.53857841
B08;B07;D02;-1.543740835
B08;B07;D03;1.518131832
B08;B07;D04;-1.527371513
B08;B07;D05;1.50683708
B08;B07;D06;-1.519077182
B08;B07;D07;1.503530614
B08;B07;D08;-1.520798182
B08;B07;D09;1.509493249
B08;B07;D10;-1.530049894
B08;B07;D11;1.523509362
B08;B07;D12;-1.550231675
B08;B8A;D01;1.801070301
B08;B8A;D02;-1.812651854
B08;B8A;D03;1.776967056
B08;B8A;D04;-1.79344209
B08;B8A;D05;1.763246565
B08;B8A;D06;-1.784099874
B08;B8A;D07;1.75956418
B08;B8A;D08;-1.78489815
B08;B8A;D09;1.766706148
B08;B8A;D10;-1.79572107
B08;B8A;D11;1.782343691
B08;B8A;D12;-1.820014024
B08;B09;D01;2.347930498
B08;B09;D02;-2.342551792
B08;B09;D03;2.316578809
B08;B09;D04;-2.317177225
B08;B09;D05;2.299945785
B08;B09;D06;-2.305784717
B08;B09;D07;2.294802796
B08;B09;D08;-2.307211257
B08;B09;D09;2.303772312
B08;B09;D10;-2.322513432
B08;B09;D11;2.324877127
B08;B09;D12;-2.351824551
B08;B10;D01;0.588321627
B08;B10;D02;-0.625301261
B08;B10;D03;0.580814281
B08;B10;D04;-0.618856583
B08;B10;D05;0.57826157
B08;B10;D06;-0.614953882
B08;B10;D07;0.576962511
B08;B10;D08;-0.614910236
B08;B10;D09;0.579955715
B08;B10;D10;-0.618820319
B08;B10;D11;0.584457288
B08;B10;D12;-0.625844545
B08;B11;D01;1.212201695
B08;B11;D02;-1.261009408
B08;B11;D03;1.196515358
B08;B11;D04;-1.248983194
B08;B11;D05;1.188678904
B08;B11;D06;-1.241495883
B08;B11;D07;1.186297003
B08;B11;D08;-1.242473169
B08;B11;D09;1.191881716
B08;B11;D10;-1.249570316
B08;B11;D11;1.202525159
B08;B11;D12;-1.264622376
B08;B12;D01;1.838677601
B08;B12;D02;-1.894380636
B08;B12;D03;1.814491661
B08;B12;D04;-1.875310976
B08;B12;D05;1.801891696
B08;B12;D06;-1.864432376
B08;B12;D07;1.798508043
B08;B12;D08;-1.865553945
B08;B12;D09;1.805434428
B08;B12;D10;-1.877739372
B08;B12;D11;1.822082463
B08;B12;D12;-1.900492201
B8A;B01;D01;0.277647855
B8A;B01;D02;-0.25563723
B8A;B01;D03;0.274520387
B8A;B01;D04;-0.253341549
B8A;B01;D05;0.273115195
B8A;B01;D06;-0.251922734
B8A;B01;D07;0.272120812
B8A;B01;D08;-0.252744002
B8A;B01;D09;0.273311897
B8A;B01;D10;-0.254881281
B8A;B01;D11;0.27613093
B8A;B01;D12;-0.25756556
B8A;B02;D01;-2.063755726
B8A;B02;D02;2.075326204
B8A;B02;D03;-2.03681181
B8A;B02;D04;2.053018142
B8A;B02;D05;-2.021907649
B8A;B02;D06;2.042247949
B8A;B02;D07;-2.017026387
B8A;B02;D08;2.04340213
B8A;B02;D09;-2.024614431
B8A;B02;D10;2.055644998
B8A;B02;D11;-2.042435924
B8A;B02;D12;2.083335318
B8A;B03;D01;-1.537852458
B8A;B03;D02;1.549286792
B8A;B03;D03;-1.51696412
B8A;B03;D04;1.53249484
B8A;B03;D05;-1.506025063
B8A;B03;D06;1.524751919
B8A;B03;D07;-1.502197865
B8A;B03;D08;1.525592158
B8A;B03;D09;-1.508281368
B8A;B03;D10;1.534380832
B8A;B03;D11;-1.522087639
B8A;B03;D12;1.555560789
B8A;B04;D01;-1.054080816
B8A;B04;D02;1.064158764
B8A;B04;D03;-1.039851639
B8A;B04;D04;1.05249893
B8A;B04;D05;-1.032334132
B8A;B04;D06;1.047294526
B8A;B04;D07;-1.030560059
B8A;B04;D08;1.047369663
B8A;B04;D09;-1.033666731
B8A;B04;D10;1.05298127
B8A;B04;D11;-1.042479589
B8A;B04;D12;1.068208914
B8A;B05;D01;-0.788438382
B8A;B05;D02;0.800888767
B8A;B05;D03;-0.77790149
B8A;B05;D04;0.792313231
B8A;B05;D05;-0.771890674
B8A;B05;D06;0.788015692
B8A;B05;D07;-0.770356098
B8A;B05;D08;0.788118676
B8A;B05;D09;-0.773156793
B8A;B05;D10;0.792517835
B8A;B05;D11;-0.779297232
B8A;B05;D12;0.804178661
B8A;B06;D01;-0.52674741
B8A;B06;D02;0.533013165
B8A;B06;D03;-0.51973064
B8A;B06;D04;0.527777661
B8A;B06;D05;-0.515672639
B8A;B06;D06;0.525144167
B8A;B06;D07;-0.514601541
B8A;B06;D08;0.524697086
B8A;B06;D09;-0.516544723
B8A;B06;D10;0.527429892
B8A;B06;D11;-0.520638042
B8A;B06;D12;0.535287565
B8A;B07;D01;-0.262504656
B8A;B07;D02;0.268934167
B8A;B07;D03;-0.25885851
B8A;B07;D04;0.266080346
B8A;B07;D05;-0.256440483
B8A;B07;D06;0.265026311
B8A;B07;D07;-0.256060414
B8A;B07;D08;0.264099884
B8A;B07;D09;-0.257241227
B8A;B07;D10;0.265679175
B8A;B07;D11;-0.258856945
B8A;B07;D12;0.269793914
B8A;B08;D01;-1.801036134
B8A;B08;D02;1.81273036
B8A;B08;D03;-1.776971995
B8A;B08;D04;1.793467129
B8A;B08;D05;-1.763280774
B8A;B08;D06;1.784102608
B8A;B08;D07;-1.759605401
B8A;B08;D08;1.784903066
B8A;B08;D09;-1.76675041
B8A;B08;D10;1.795760965
B8A;B08;D11;-1.782381074
B8A;B08;D12;1.820118144
B8A;B09;D01;0.54684538
B8A;B09;D02;-0.529920352
B8A;B09;D03;0.539596136
B8A;B09;D04;-0.523739368
B8A;B09;D05;0.536676887
B8A;B09;D06;-0.521683441
B8A;B09;D07;0.535214002
B8A;B09;D08;-0.522316026
B8A;B09;D09;0.537031082
B8A;B09;D10;-0.526800081
B8A;B09;D11;0.542486608
B8A;B09;D12;-0.531848446
B8A;B10;D01;-1.212706601
B8A;B10;D02;1.187402236
B8A;B10;D03;-1.196139126
B8A;B10;D04;1.174598772
B8A;B10;D05;-1.184984591
B8A;B10;D06;1.169145118
B8A;B10;D07;-1.182604076
B8A;B10;D08;1.169991613
B8A;B10;D09;-1.186749857
B8A;B10;D10;1.176926033
B8A;B10;D11;-1.197873723
B8A;B10;D12;1.194250025
B8A;B11;D01;-0.588846567
B8A;B11;D02;0.551665111
B8A;B11;D03;-0.580442247
B8A;B11;D04;0.544465584
B8A;B11;D05;-0.574568694
B8A;B11;D06;0.542604879
B8A;B11;D07;-0.573278447
B8A;B11;D08;0.542426349
B8A;B11;D09;-0.574844039
B8A;B11;D10;0.546163865
B8A;B11;D11;-0.579847629
B8A;B11;D12;0.555430767
B8A;B12;D01;0.037607635
B8A;B12;D02;-0.081728342
B8A;B12;D03;0.037521136
B8A;B12;D04;-0.081870053
B8A;B12;D05;0.038641095
B8A;B12;D06;-0.080332812
B8A;B12;D07;0.038940147
B8A;B12;D08;-0.080655927
B8A;B12;D09;0.038725728
B8A;B12;D10;-0.082019384
B8A;B12;D11;0.039735239
B8A;B12;D12;-0.080476813
B09;B01;D01;-0.269210081
B09;B01;D02;0.274291868
B09;B01;D03;-0.265075795
B09;B01;D04;0.270400804
B09;B01;D05;-0.263554745
B09;B01;D06;0.269762773
B09;B01;D07;-0.263102114
B09;B01;D08;0.269572273
B09;B01;D09;-0.263720789
B09;B01;D10;0.271919172
B09;B01;D11;-0.266353333
B09;B01;D12;0.274285593
B09;B02;D01;-2.610625763
B09;B02;D02;2.605321731
B09;B02;D03;-2.57642835
B09;B02;D04;2.576788845
B09;B02;D05;-2.558599322
B09;B02;D06;2.563945141
B09;B02;D07;-2.552232482
B09;B02;D08;2.565721327
B09;B02;D09;-2.561626587
B09;B02;D10;2.582451099
B09;B02;D11;-2.584883542
B09;B02;D12;2.615209723
B09;B03;D01;-2.08472687
B09;B03;D02;2.079263942
B09;B03;D03;-2.056575238
B09;B03;D04;2.056257365
B09;B03;D05;-2.042705997
B09;B03;D06;2.0464424
B09;B03;D07;-2.037412258
B09;B03;D08;2.047907041
B09;B03;D09;-2.045299003
B09;B03;D10;2.061183124
B09;B03;D11;-2.064542548
B09;B03;D12;2.087429413
B09;B04;D01;-1.600962901
B09;B04;D02;1.594115036
B09;B04;D03;-1.57945801
B09;B04;D04;1.576253266
B09;B04;D05;-1.569007625
B09;B04;D06;1.568978129
B09;B04;D07;-1.565783182
B09;B04;D08;1.569679751
B09;B04;D09;-1.570692141
B09;B04;D10;1.579779483
B09;B04;D11;-1.584945163
B09;B04;D12;1.600071935
B09;B05;D01;-1.335296555
B09;B05;D02;1.330846365
B09;B05;D03;-1.317508036
B09;B05;D04;1.316068516
B09;B05;D05;-1.308579104
B09;B05;D06;1.309707012
B09;B05;D07;-1.305562152
B09;B05;D08;1.310437154
B09;B05;D09;-1.310176575
B09;B05;D10;1.319321463
B09;B05;D11;-1.321763318
B09;B05;D12;1.336040507
B09;B06;D01;-1.073616166
B09;B06;D02;1.062955112
B09;B06;D03;-1.059334277
B09;B06;D04;1.051526075
B09;B06;D05;-1.052352422
B09;B06;D06;1.046827793
B09;B06;D07;-1.04981683
B09;B06;D08;1.047009805
B09;B06;D09;-1.053570142
B09;B06;D10;1.054229304
B09;B06;D11;-1.063110436
B09;B06;D12;1.067145827
B09;B07;D01;-0.809368179
B09;B07;D02;0.798880391
B09;B07;D03;-0.79845962
B09;B07;D04;0.789829962
B09;B07;D05;-0.793116935
B09;B07;D06;0.786714883
B09;B07;D07;-0.791275643
B09;B07;D08;0.78641653
B09;B07;D09;-0.794266262
B09;B07;D10;0.792480091
B09;B07;D11;-0.801330432
B09;B07;D12;0.801649808
B09;B08;D01;-2.347920232
B09;B08;D02;2.342701612
B09;B08;D03;-2.316584954
B09;B08;D04;2.317228419
B09;B08;D05;-2.299960126
B09;B08;D06;2.305788258
B09;B08;D07;-2.294826802
B09;B08;D08;2.307213858
B09;B08;D09;-2.303771417
B09;B08;D10;2.322561469
B09;B08;D11;-2.324836395
B09;B08;D12;2.351989009
B09;B8A;D01;-0.546852849
B09;B8A;D02;0.529929641
B09;B8A;D03;-0.539600347
B09;B8A;D04;0.523742537
B09;B8A;D05;-0.536686133
B09;B8A;D06;0.521679447
B09;B8A;D07;-0.535201394
B09;B8A;D08;0.522309567
B09;B8A;D09;-0.537020171
B09;B8A;D10;0.526795771
B09;B8A;D11;-0.54247485
B09;B8A;D12;0.531852285
B09;B10;D01;-1.759574849
B09;B10;D02;1.71735991
B09;B10;D03;-1.735750036
B09;B10;D04;1.698351358
B09;B10;D05;-1.721674295
B09;B10;D06;1.690822759
B09;B10;D07;-1.717807576
B09;B10;D08;1.692299112
B09;B10;D09;-1.723763763
B09;B10;D10;1.703722598
B09;B10;D11;-1.740331419
B09;B10;D12;1.72611536
B09;B11;D01;-1.135707337
B09;B11;D02;1.081606684
B09;B11;D03;-1.12004696
B09;B11;D04;1.068212875
B09;B11;D05;-1.111256288
B09;B11;D06;1.064286997
B09;B11;D07;-1.108487032
B09;B11;D08;1.064739881
B09;B11;D09;-1.111864135
B09;B11;D10;1.072963882
B09;B11;D11;-1.122317776
B09;B11;D12;1.087290916
B09;B12;D01;-0.509244879
B09;B12;D02;0.448203225
B09;B12;D03;-0.502078663
B09;B12;D04;0.441871607
B09;B12;D05;-0.498044172
B09;B12;D06;0.441346704
B09;B12;D07;-0.496263655
B09;B12;D08;0.44165574
B09;B12;D09;-0.498293713
B09;B12;D10;0.444778266
B09;B12;D11;-0.502739972
B09;B12;D12;0.451376723
B10;B01;D01;1.490377464
B10;B01;D02;-1.443062385
B10;B01;D03;1.470648558
B10;B01;D04;-1.427985631
B10;B01;D05;1.458079957
B10;B01;D06;-1.421125604
B10;B01;D07;1.454708516
B10;B01;D08;-1.422792395
B10;B01;D09;1.46001459
B10;B01;D10;-1.431845385
B10;B01;D11;1.473966107
B10;B01;D12;-1.45182194
B10;B02;D01;-0.851055414
B10;B02;D02;0.887775882
B10;B02;D03;-0.840674929
B10;B02;D04;0.878305566
B10;B02;D05;-0.83692692
B10;B02;D06;0.872981584
B10;B02;D07;-0.834424446
B10;B02;D08;0.873277409
B10;B02;D09;-0.837874905
B10;B02;D10;0.878558229
B10;B02;D11;-0.844569556
B10;B02;D12;0.888864941
B10;B03;D01;-0.32515508
B10;B03;D02;0.361795139
B10;B03;D03;-0.320841161
B10;B03;D04;0.357826907
B10;B03;D05;-0.321056698
B10;B03;D06;0.355534768
B10;B03;D07;-0.319603009
B10;B03;D08;0.355519977
B10;B03;D09;-0.321551269
B10;B03;D10;0.357358714
B10;B03;D11;-0.324221579
B10;B03;D12;0.361186076
B10;B04;D01;0.158608516
B10;B04;D02;-0.123259945
B10;B04;D03;0.156255274
B10;B04;D04;-0.122118448
B10;B04;D05;0.15262178
B10;B04;D06;-0.121865693
B10;B04;D07;0.152027578
B10;B04;D08;-0.122639583
B10;B04;D09;0.15304014
B10;B04;D10;-0.123964687
B10;B04;D11;0.155361934
B10;B04;D12;-0.126056514
B10;B05;D01;0.424284845
B10;B05;D02;-0.386586106
B10;B05;D03;0.418246307
B10;B05;D04;-0.382366136
B10;B05;D05;0.413095225
B10;B05;D06;-0.381227064
B10;B05;D07;0.412245885
B10;B05;D08;-0.381978635
B10;B05;D09;0.413577879
B10;B05;D10;-0.384518092
B10;B05;D11;0.418561637
B10;B05;D12;-0.390193964
B10;B06;D01;0.685962833
B10;B06;D02;-0.654379485
B10;B06;D03;0.676400673
B10;B06;D04;-0.646841196
B10;B06;D05;0.669300703
B10;B06;D06;-0.644042745
B10;B06;D07;0.667992673
B10;B06;D08;-0.645346387
B10;B06;D09;0.670170877
B10;B06;D10;-0.649541466
B10;B06;D11;0.677204211
B10;B06;D12;-0.658991234
B10;B07;D01;0.950214466
B10;B07;D02;-0.918534944
B10;B07;D03;0.937271286
B10;B07;D04;-0.908589837
B10;B07;D05;0.928530881
B10;B07;D06;-0.904200595
B10;B07;D07;0.926533764
B10;B07;D08;-0.905970706
B10;B07;D09;0.929483082
B10;B07;D10;-0.911306718
B10;B07;D11;0.939002261
B10;B07;D12;-0.924483843
B10;B08;D01;-0.588353732
B10;B08;D02;0.625312194
B10;B08;D03;-0.58086226
B10;B08;D04;0.61884689
B10;B08;D05;-0.578322227
B10;B08;D06;0.614920655
B10;B08;D07;-0.577016281
B10;B08;D08;0.614854172
B10;B08;D09;-0.580041842
B10;B08;D10;0.618750964
B10;B08;D11;-0.584539297
B10;B08;D12;0.625742001
B10;B8A;D01;1.212734832
B10;B8A;D02;-1.187381864
B10;B8A;D03;1.196153672
B10;B8A;D04;-1.174599718
B10;B8A;D05;1.184992162
B10;B8A;D06;-1.169149895
B10;B8A;D07;1.182605867
B10;B8A;D08;-1.169988837
B10;B8A;D09;1.186747696
B10;B8A;D10;-1.176894272
B10;B8A;D11;1.197871217
B10;B8A;D12;-1.194164744
B10;B09;D01;1.759593429
B10;B09;D02;-1.717315689
B10;B09;D03;1.735748181
B10;B09;D04;-1.698362562
B10;B09;D05;1.721659303
B10;B09;D06;-1.69087031
B10;B09;D07;1.717809228
B10;B09;D08;-1.692352617
B10;B09;D09;1.723748053
B10;B09;D10;-1.703753539
B10;B09;D11;1.74033139
B10;B09;D12;-1.726088291
B10;B11;D01;0.623873835
B10;B11;D02;-0.635730931
B10;B11;D03;0.615704946
B10;B11;D04;-0.630159263
B10;B11;D05;0.610415509
B10;B11;D06;-0.626588641
B10;B11;D07;0.609321368
B10;B11;D08;-0.62762362
B10;B11;D09;0.611884665
B10;B11;D10;-0.630815648
B10;B11;D11;0.618002086
B10;B11;D12;-0.638869312
B10;B12;D01;1.250342953
B10;B12;D02;-1.26913932
B10;B12;D03;1.233673962
B10;B12;D04;-1.256485757
B10;B12;D05;1.223630496
B10;B12;D06;-1.249488365
B10;B12;D07;1.221543899
B10;B12;D08;-1.250651891
B10;B12;D09;1.225471678
B10;B12;D10;-1.258931327
B10;B12;D11;1.237603948
B10;B12;D12;-1.274687272
B11;B01;D01;0.866477684
B11;B01;D02;-0.807321161
B11;B01;D03;0.854919336
B11;B01;D04;-0.797821957
B11;B01;D05;0.847645246
B11;B01;D06;-0.794537588
B11;B01;D07;0.845362562
B11;B01;D08;-0.79517364
B11;B01;D09;0.848120653
B11;B01;D10;-0.801042724
B11;B01;D11;0.855958531
B11;B01;D12;-0.812986126
B11;B02;D01;-1.474876639
B11;B02;D02;1.523538839
B11;B02;D03;-1.456359014
B11;B02;D04;1.508470543
B11;B02;D05;-1.447334061
B11;B02;D06;1.499578346
B11;B02;D07;-1.443741673
B11;B02;D08;1.500917068
B11;B02;D09;-1.449755596
B11;B02;D10;1.509408939
B11;B02;D11;-1.462564175
B11;B02;D12;1.527803368
B11;B03;D01;-0.949008386
B11;B03;D02;0.99754434
B11;B03;D03;-0.936542214
B11;B03;D04;0.987987285
B11;B03;D05;-0.931474955
B11;B03;D06;0.982122453
B11;B03;D07;-0.928932083
B11;B03;D08;0.983148617
B11;B03;D09;-0.933433146
B11;B03;D10;0.98819217
B11;B03;D11;-0.942211424
B11;B03;D12;1.000088523
B11;B04;D01;-0.465291279
B11;B04;D02;0.512472905
B11;B04;D03;-0.459467704
B11;B04;D04;0.508036483
B11;B04;D05;-0.457811296
B11;B04;D06;0.504711117
B11;B04;D07;-0.4573215
B11;B04;D08;0.504975679
B11;B04;D09;-0.458857605
B11;B04;D10;0.50684856
B11;B04;D11;-0.462648474
B11;B04;D12;0.512803077
B11;B05;D01;-0.199567654
B11;B05;D02;0.249164604
B11;B05;D03;-0.197452591
B11;B05;D04;0.247799217
B11;B05;D05;-0.197317926
B11;B05;D06;0.24536792
B11;B05;D07;-0.197071864
B11;B05;D08;0.245652864
B11;B05;D09;-0.198301004
B11;B05;D10;0.246310315
B11;B05;D11;-0.199432971
B11;B05;D12;0.248696754
B11;B06;D01;0.062068093
B11;B06;D02;-0.018651701
B11;B06;D03;0.060684698
B11;B06;D04;-0.016682942
B11;B06;D05;0.058875743
B11;B06;D06;-0.017457633
B11;B06;D07;0.058657918
B11;B06;D08;-0.017724367
B11;B06;D09;0.058280376
B11;B06;D10;-0.018727203
B11;B06;D11;0.05919711
B11;B06;D12;-0.020132479
B11;B07;D01;0.326328632
B11;B07;D02;-0.282784064
B11;B07;D03;0.321552873
B11;B07;D04;-0.278424075
B11;B07;D05;0.318104732
B11;B07;D06;-0.277607706
B11;B07;D07;0.317201996
B11;B07;D08;-0.278345133
B11;B07;D09;0.317601488
B11;B07;D10;-0.280493537
B11;B07;D11;0.32101285
B11;B07;D12;-0.28563037
B11;B08;D01;-1.212227396
B11;B08;D02;1.261041835
B11;B08;D03;-1.196571884
B11;B08;D04;1.249000998
B11;B08;D05;-1.188749106
B11;B08;D06;1.241503682
B11;B08;D07;-1.186363197
B11;B08;D08;1.242481938
B11;B08;D09;-1.19194224
B11;B08;D10;1.249587331
B11;B08;D11;-1.202553723
B11;B08;D12;1.264653012
B11;B8A;D01;0.588856821
B11;B8A;D02;-0.551654758
B11;B8A;D03;0.580446005
B11;B8A;D04;-0.544443252
B11;B8A;D05;0.574578295
B11;B8A;D06;-0.542571633
B11;B8A;D07;0.573297545
B11;B8A;D08;-0.542379195
B11;B8A;D09;0.574880298
B11;B8A;D10;-0.546102004
B11;B8A;D11;0.57989072
B11;B8A;D12;-0.555354004
B11;B09;D01;1.135713376
B11;B09;D02;-1.081582981
B11;B09;D03;1.120032263
B11;B09;D04;-1.068201507
B11;B09;D05;1.111235145
B11;B09;D06;-1.064285076
B11;B09;D07;1.108480167
B11;B09;D08;-1.064737269
B11;B09;D09;1.1118653
B11;B09;D10;-1.072955638
B11;B09;D11;1.122333219
B11;B09;D12;-1.087262378
B11;B10;D01;-0.623857551
B11;B10;D02;0.63572668
B11;B10;D03;-0.615695645
B11;B10;D04;0.63015294
B11;B10;D05;-0.61040999
B11;B10;D06;0.626578106
B11;B10;D07;-0.609310162
B11;B10;D08;0.627613766
B11;B10;D09;-0.611872444
B11;B10;D10;0.630811946
B11;B10;D11;-0.617986313
B11;B10;D12;0.638860304
B11;B12;D01;0.62646677
B11;B12;D02;-0.633404112
B11;B12;D03;0.617965223
B11;B12;D04;-0.626327662
B11;B12;D05;0.613215765
B11;B12;D06;-0.622909658
B11;B12;D07;0.612233505
B11;B12;D08;-0.623043046
B11;B12;D09;0.613602094
B11;B12;D10;-0.628138764
B11;B12;D11;0.619621276
B11;B12;D12;-0.635862828
B12;B01;D01;0.240004166
B12;B01;D02;-0.173919183
B12;B01;D03;0.236939517
B12;B01;D04;-0.17149195
B12;B01;D05;0.234409613
B12;B01;D06;-0.171627093
B12;B01;D07;0.233112587
B12;B01;D08;-0.17212641
B12;B01;D09;0.234504564
B12;B01;D10;-0.172902813
B12;B01;D11;0.236316508
B12;B01;D12;-0.177130026
B12;B02;D01;-2.101314481
B12;B02;D02;2.156990336
B12;B02;D03;-2.074307595
B12;B02;D04;2.13482069
B12;B02;D05;-2.06054472
B12;B02;D06;2.122490411
B12;B02;D07;-2.055977438
B12;B02;D08;2.123970895
B12;B02;D09;-2.063362424
B12;B02;D10;2.137566459
B12;B02;D11;-2.082191347
B12;B02;D12;2.163708165
B12;B03;D01;-1.575456412
B12;B03;D02;1.630982796
B12;B03;D03;-1.554502479
B12;B03;D04;1.614330568
B12;B03;D05;-1.544695042
B12;B03;D06;1.6050339
B12;B03;D07;-1.541172137
B12;B03;D08;1.606198317
B12;B03;D09;-1.547040261
B12;B03;D10;1.616344605
B12;B03;D11;-1.561833908
B12;B03;D12;1.635982621
B12;B04;D01;-1.091752227
B12;B04;D02;1.145899163
B12;B04;D03;-1.077446095
B12;B04;D04;1.134372756
B12;B04;D05;-1.071048168
B12;B04;D06;1.127621987
B12;B04;D07;-1.069573278
B12;B04;D08;1.12802034
B12;B04;D09;-1.072475375
B12;B04;D10;1.134995585
B12;B04;D11;-1.082291889
B12;B04;D12;1.14868706
B12;B05;D01;-0.826023102
B12;B05;D02;0.882589226
B12;B05;D03;-0.815411455
B12;B05;D04;0.874139057
B12;B05;D05;-0.810533403
B12;B05;D06;0.868279197
B12;B05;D07;-0.809308809
B12;B05;D08;0.868704391
B12;B05;D09;-0.811908021
B12;B05;D10;0.874458828
B12;B05;D11;-0.819062792
B12;B05;D12;0.884574956
B12;B06;D01;-0.56439745
B12;B06;D02;0.614762904
B12;B06;D03;-0.557289185
B12;B06;D04;0.60965063
B12;B06;D05;-0.554352357
B12;B06;D06;0.605453197
B12;B06;D07;-0.553587591
B12;B06;D08;0.605323261
B12;B06;D09;-0.55533397
B12;B06;D10;0.609417602
B12;B06;D11;-0.560443708
B12;B06;D12;0.615740027
B12;B07;D01;-0.300136068
B12;B07;D02;0.350629882
B12;B07;D03;-0.296419698
B12;B07;D04;0.347911792
B12;B07;D05;-0.295122554
B12;B07;D06;0.345303244
B12;B07;D07;-0.295040806
B12;B07;D08;0.344704269
B12;B07;D09;-0.29600677
B12;B07;D10;0.347650072
B12;B07;D11;-0.298611715
B12;B07;D12;0.350236576
B12;B08;D01;-1.838677335
B12;B08;D02;1.89448178
B12;B08;D03;-1.814541639
B12;B08;D04;1.875342573
B12;B08;D05;-1.801981252
B12;B08;D06;1.864415133
B12;B08;D07;-1.798614073
B12;B08;D08;1.865530636
B12;B08;D09;-1.805561092
B12;B08;D10;1.877741205
B12;B08;D11;-1.822199349
B12;B08;D12;1.900552756
B12;B8A;D01;-0.037610791
B12;B8A;D02;0.081749527
B12;B8A;D03;-0.037518639
B12;B8A;D04;0.081885286
B12;B8A;D05;-0.038636589
B12;B8A;D06;0.080338663
B12;B8A;D07;-0.038935075
B12;B8A;D08;0.080663921
B12;B8A;D09;-0.038720688
B12;B8A;D10;0.082036951
B12;B8A;D11;-0.039728533
B12;B8A;D12;0.080507381
B12;B09;D01;0.509240682
B12;B09;D02;-0.448188528
B12;B09;D03;0.502062372
B12;B09;D04;-0.441874337
B12;B09;D05;0.49801129
B12;B09;D06;-0.441374772
B12;B09;D07;0.496238437
B12;B09;D08;-0.441691031
B12;B09;D09;0.498255548
B12;B09;D10;-0.444817644
B12;B09;D11;0.502698911
B12;B09;D12;-0.451412506
B12;B10;D01;-1.25030958
B12;B10;D02;1.269154032
B12;B10;D03;-1.233653638
B12;B10;D04;1.256487631
B12;B10;D05;-1.223623765
B12;B10;D06;1.249488004
B12;B10;D07;-1.221543881
B12;B10;D08;1.250657463
B12;B10;D09;-1.225476063
B12;B10;D10;1.258959224
B12;B10;D11;-1.237609858
B12;B10;D12;1.274750274
B12;B11;D01;-0.626461526
B12;B11;D02;0.633414773
B12;B11;D03;-0.61796453
B12;B11;D04;0.626333058
B12;B11;D05;-0.61321894
B12;B11;D06;0.622910116
B12;B11;D07;-0.612239414
B12;B11;D08;0.623048116
B12;B11;D09;-0.613610618
B12;B11;D10;0.628145057
B12;B11;D11;-0.619637193
B12;B11;D12;0.635876486
